order_id,customer_id,product_id,category,price,quantity,order_date,country,discount,shipping_cost
ORD_000001,CUST_8270,P029,Home,606.1,9,2023-01-01 00:00:00,UA,0,5
ORD_000002,CUST_1860,P039,Sports,595.49,3,2023-01-01 00:01:00,UA,0,20
ORD_000003,CUST_6390,P003,Home,808.52,3,2023-01-01 00:02:00,US,0,0
ORD_000004,CUST_6191,P032,Electronics,481.72,4,2023-01-01 00:03:00,PL,15,20
ORD_000005,CUST_6734,P010,Electronics,996.16,5,2023-01-01 00:04:00,DE,0,0
ORD_000006,CUST_7265,P010,Clothing,68.88,1,2023-01-01 00:05:00,DE,0,20
ORD_000007,CUST_1466,P019,Electronics,13.14,7,2023-01-01 00:06:00,US,5,5
ORD_000008,CUST_5426,P046,Clothing,643.8,9,2023-01-01 00:07:00,UA,10,10
ORD_000009,CUST_6578,P034,Clothing,305.45,8,2023-01-01 00:08:00,DE,0,20
ORD_000010,CUST_9322,P033,Clothing,247.98,5,2023-01-01 00:09:00,UK,0,0
ORD_000011,CUST_2685,P023,Books,318.78,4,2023-01-01 00:10:00,DE,10,10
ORD_000012,CUST_1769,P028,Books,263.49,7,2023-01-01 00:11:00,PL,5,0
ORD_000013,CUST_7949,P032,Clothing,40.48,5,2023-01-01 00:12:00,DE,0,5
ORD_000014,CUST_3433,P050,Home,971.82,7,2023-01-01 00:13:00,DE,0,10
ORD_000015,CUST_6311,P007,Clothing,228.54,1,2023-01-01 00:14:00,DE,0,0
ORD_000016,CUST_6051,P029,Home,736.69,1,2023-01-01 00:15:00,UA,0,20
ORD_000017,CUST_7420,P008,Electronics,764.97,3,2023-01-01 00:16:00,UA,0,5
ORD_000018,CUST_2184,P001,Sports,929.96,2,2023-01-01 00:17:00,US,10,5
ORD_000019,CUST_5555,P003,Books,40.24,2,2023-01-01 00:18:00,UA,0,5
ORD_000020,CUST_4385,P024,Clothing,873.33,7,2023-01-01 00:19:00,DE,5,20
ORD_000021,CUST_7396,P023,Electronics,531.95,2,2023-01-01 00:20:00,UA,0,20
ORD_000022,CUST_9666,P008,Clothing,636.22,4,2023-01-01 00:21:00,PL,5,10
ORD_000023,CUST_3558,P047,Electronics,648.03,2,2023-01-01 00:22:00,UA,5,20
ORD_000024,CUST_8849,P037,Electronics,821.6,6,2023-01-01 00:23:00,UA,0,10
ORD_000025,CUST_3047,P003,Books,340.07,8,2023-01-01 00:24:00,UK,0,5
ORD_000026,CUST_3747,P033,Clothing,735.72,4,2023-01-01 00:25:00,US,0,10
ORD_000027,CUST_1189,P028,Books,533.29,5,2023-01-01 00:26:00,DE,10,0
ORD_000028,CUST_3734,P047,Sports,795.46,4,2023-01-01 00:27:00,PL,10,5
ORD_000029,CUST_4005,P008,Clothing,990.64,3,2023-01-01 00:28:00,DE,0,5
ORD_000030,CUST_5658,P034,Books,208.64,5,2023-01-01 00:29:00,DE,0,10
ORD_000031,CUST_2899,P035,Electronics,994.7,9,2023-01-01 00:30:00,PL,0,5
ORD_000032,CUST_8734,P032,Books,98.91,8,2023-01-01 00:31:00,UA,5,20
ORD_000033,CUST_2267,P024,Clothing,12.29,8,2023-01-01 00:32:00,DE,0,0
ORD_000034,CUST_2528,P014,Sports,53.72,8,2023-01-01 00:33:00,US,0,10
ORD_000035,CUST_4556,P032,Home,348.36,8,2023-01-01 00:34:00,UK,0,10
ORD_000036,CUST_4890,P046,Clothing,636.58,7,2023-01-01 00:35:00,UA,0,5
ORD_000037,CUST_9838,P043,Electronics,78.34,8,2023-01-01 00:36:00,DE,5,20
ORD_000038,CUST_6393,P016,Home,15.61,8,2023-01-01 00:37:00,PL,0,5
ORD_000039,CUST_9792,P004,Home,937.72,8,2023-01-01 00:38:00,PL,5,5
ORD_000040,CUST_9433,P037,Electronics,823.71,7,2023-01-01 00:39:00,UA,0,10
ORD_000041,CUST_8513,P021,Electronics,811.09,1,2023-01-01 00:40:00,PL,0,5
ORD_000042,CUST_3612,P014,Home,885.58,4,2023-01-01 00:41:00,UA,5,0
ORD_000043,CUST_8041,P031,Electronics,703.03,4,2023-01-01 00:42:00,UA,15,5
ORD_000044,CUST_7235,P048,Sports,113.36,5,2023-01-01 00:43:00,DE,5,5
ORD_000045,CUST_6486,P018,Clothing,405.11,6,2023-01-01 00:44:00,DE,0,10
ORD_000046,CUST_8099,P007,Electronics,725.92,4,2023-01-01 00:45:00,PL,0,5
ORD_000047,CUST_1775,P010,Home,287.53,2,2023-01-01 00:46:00,UK,10,20
ORD_000048,CUST_9226,P007,Clothing,690.53,6,2023-01-01 00:47:00,UA,0,10
ORD_000049,CUST_4152,P033,Clothing,34.25,8,2023-01-01 00:48:00,UA,0,5
ORD_000050,CUST_2585,P023,Electronics,313.08,8,2023-01-01 00:49:00,DE,10,0
ORD_000051,CUST_4943,P021,Electronics,553.64,7,2023-01-01 00:50:00,UA,10,0
ORD_000052,CUST_8555,P019,Books,635.77,6,2023-01-01 00:51:00,UA,15,10
ORD_000053,CUST_4073,P048,Clothing,581.27,2,2023-01-01 00:52:00,UA,10,10
ORD_000054,CUST_2021,P019,Books,700.78,7,2023-01-01 00:53:00,UA,10,5
ORD_000055,CUST_4843,P036,Home,16.03,5,2023-01-01 00:54:00,US,0,20
ORD_000056,CUST_8989,P029,Books,109.93,6,2023-01-01 00:55:00,UA,0,5
ORD_000057,CUST_7873,P018,Electronics,870.25,8,2023-01-01 00:56:00,PL,0,0
ORD_000058,CUST_6675,P002,Clothing,684.93,8,2023-01-01 00:57:00,UA,0,20
ORD_000059,CUST_1161,P001,Sports,121.8,3,2023-01-01 00:58:00,DE,0,20
ORD_000060,CUST_5297,P047,Home,843.65,7,2023-01-01 00:59:00,UA,0,20
ORD_000061,CUST_1995,P005,Books,249.81,1,2023-01-01 01:00:00,DE,0,5
ORD_000062,CUST_8629,P020,Electronics,483.48,1,2023-01-01 01:01:00,PL,0,0
ORD_000063,CUST_2016,P011,Clothing,153.74,7,2023-01-01 01:02:00,UA,0,10
ORD_000064,CUST_8869,P042,Books,713.01,9,2023-01-01 01:03:00,PL,0,5
ORD_000065,CUST_7439,P002,Home,670.19,7,2023-01-01 01:04:00,UA,0,10
ORD_000066,CUST_8892,P003,Books,219.0,5,2023-01-01 01:05:00,PL,5,20
ORD_000067,CUST_7863,P023,Home,864.77,8,2023-01-01 01:06:00,UA,0,20
ORD_000068,CUST_8916,P012,Home,407.29,2,2023-01-01 01:07:00,UK,0,5
ORD_000069,CUST_9529,P020,Electronics,299.59,9,2023-01-01 01:08:00,UA,5,0
ORD_000070,CUST_1878,P005,Clothing,160.81,6,2023-01-01 01:09:00,DE,0,20
ORD_000071,CUST_5887,P037,Electronics,273.51,9,2023-01-01 01:10:00,UA,0,10
ORD_000072,CUST_5859,P038,Electronics,31.81,2,2023-01-01 01:11:00,UA,0,10
ORD_000073,CUST_7331,P030,Home,587.42,3,2023-01-01 01:12:00,PL,0,5
ORD_000074,CUST_9571,P009,Clothing,843.81,8,2023-01-01 01:13:00,UK,10,10
ORD_000075,CUST_9684,P034,Clothing,553.49,1,2023-01-01 01:14:00,UA,0,0
ORD_000076,CUST_8208,P044,Electronics,227.08,7,2023-01-01 01:15:00,UA,5,20
ORD_000077,CUST_6276,P035,Clothing,43.33,7,2023-01-01 01:16:00,UA,0,10
ORD_000078,CUST_3062,P022,Electronics,222.48,1,2023-01-01 01:17:00,UA,0,10
ORD_000079,CUST_1064,P044,Electronics,421.96,9,2023-01-01 01:18:00,UA,0,20
ORD_000080,CUST_9006,P024,Books,762.02,8,2023-01-01 01:19:00,PL,0,5
ORD_000081,CUST_3568,P017,Electronics,195.96,4,2023-01-01 01:20:00,UA,0,10
ORD_000082,CUST_6463,P010,Books,722.59,5,2023-01-01 01:21:00,UA,0,5
ORD_000083,CUST_3027,P030,Electronics,868.26,2,2023-01-01 01:22:00,DE,0,5
ORD_000084,CUST_3695,P046,Electronics,459.41,9,2023-01-01 01:23:00,UA,5,10
ORD_000085,CUST_6258,P023,Electronics,823.22,6,2023-01-01 01:24:00,UA,0,0
ORD_000086,CUST_6618,P032,Books,559.11,3,2023-01-01 01:25:00,UA,10,5
ORD_000087,CUST_7736,P017,Books,640.72,7,2023-01-01 01:26:00,DE,5,10
ORD_000088,CUST_1391,P050,Clothing,531.02,9,2023-01-01 01:27:00,UA,0,5
ORD_000089,CUST_6892,P017,Clothing,468.54,3,2023-01-01 01:28:00,PL,0,20
ORD_000090,CUST_4561,P014,Books,242.31,2,2023-01-01 01:29:00,UA,0,0
ORD_000091,CUST_7184,P009,Electronics,310.16,7,2023-01-01 01:30:00,PL,5,0
ORD_000092,CUST_4099,P040,Clothing,297.07,7,2023-01-01 01:31:00,UA,0,20
ORD_000093,CUST_7278,P002,Home,567.66,4,2023-01-01 01:32:00,DE,10,20
ORD_000094,CUST_9392,P045,Books,128.75,9,2023-01-01 01:33:00,US,0,5
ORD_000095,CUST_4104,P025,Clothing,917.62,8,2023-01-01 01:34:00,DE,10,20
ORD_000096,CUST_8215,P039,Sports,723.45,1,2023-01-01 01:35:00,UA,0,0
ORD_000097,CUST_3454,P009,Home,407.43,1,2023-01-01 01:36:00,UA,10,20
ORD_000098,CUST_9996,P022,Electronics,167.04,5,2023-01-01 01:37:00,UA,0,10
ORD_000099,CUST_3731,P043,Books,883.17,6,2023-01-01 01:38:00,UA,0,10
ORD_000100,CUST_9154,P046,Books,825.54,3,2023-01-01 01:39:00,UA,0,5
ORD_000101,CUST_6056,P004,Clothing,724.5,9,2023-01-01 01:40:00,US,0,0
ORD_000102,CUST_9110,P026,Clothing,278.83,6,2023-01-01 01:41:00,UA,15,10
ORD_000103,CUST_4840,P029,Clothing,408.42,4,2023-01-01 01:42:00,PL,0,20
ORD_000104,CUST_2028,P045,Books,111.72,7,2023-01-01 01:43:00,PL,0,10
ORD_000105,CUST_8385,P034,Clothing,197.15,8,2023-01-01 01:44:00,PL,0,10
ORD_000106,CUST_1502,P023,Home,785.19,9,2023-01-01 01:45:00,UA,0,5
ORD_000107,CUST_7910,P037,Books,717.89,6,2023-01-01 01:46:00,US,0,20
ORD_000108,CUST_7938,P011,Electronics,597.55,6,2023-01-01 01:47:00,UA,5,20
ORD_000109,CUST_5488,P006,Books,896.77,8,2023-01-01 01:48:00,DE,0,20
ORD_000110,CUST_1206,P018,Electronics,587.43,5,2023-01-01 01:49:00,US,10,5
ORD_000111,CUST_6134,P021,Books,472.3,3,2023-01-01 01:50:00,DE,0,20
ORD_000112,CUST_6977,P042,Books,346.97,3,2023-01-01 01:51:00,PL,0,20
ORD_000113,CUST_8721,P036,Electronics,941.04,6,2023-01-01 01:52:00,UA,5,10
ORD_000114,CUST_8035,P041,Clothing,91.89,2,2023-01-01 01:53:00,UA,5,10
ORD_000115,CUST_2484,P038,Electronics,931.58,6,2023-01-01 01:54:00,DE,0,20
ORD_000116,CUST_8858,P034,Electronics,828.45,6,2023-01-01 01:55:00,UA,5,0
ORD_000117,CUST_1863,P017,Clothing,138.63,8,2023-01-01 01:56:00,US,0,0
ORD_000118,CUST_3790,P037,Clothing,569.33,7,2023-01-01 01:57:00,UA,0,20
ORD_000119,CUST_8408,P025,Sports,867.88,8,2023-01-01 01:58:00,UA,10,0
ORD_000120,CUST_9755,P038,Clothing,576.09,9,2023-01-01 01:59:00,UA,0,5
ORD_000121,CUST_6116,P012,Clothing,908.13,6,2023-01-01 02:00:00,UA,0,10
ORD_000122,CUST_7019,P023,Books,943.55,3,2023-01-01 02:01:00,PL,10,5
ORD_000123,CUST_2757,P042,Electronics,428.16,3,2023-01-01 02:02:00,DE,15,10
ORD_000124,CUST_8574,P022,Sports,383.54,1,2023-01-01 02:03:00,DE,0,0
ORD_000125,CUST_7374,P021,Books,936.96,5,2023-01-01 02:04:00,US,0,0
ORD_000126,CUST_7892,P027,Home,678.39,4,2023-01-01 02:05:00,US,0,20
ORD_000127,CUST_2678,P031,Electronics,124.86,9,2023-01-01 02:06:00,US,10,0
ORD_000128,CUST_4242,P006,Clothing,51.87,9,2023-01-01 02:07:00,UA,10,0
ORD_000129,CUST_5636,P027,Clothing,568.98,5,2023-01-01 02:08:00,DE,0,20
ORD_000130,CUST_2059,P040,Home,930.87,4,2023-01-01 02:09:00,UA,0,20
ORD_000131,CUST_7668,P034,Electronics,845.81,7,2023-01-01 02:10:00,UA,0,10
ORD_000132,CUST_4157,P012,Clothing,679.09,6,2023-01-01 02:11:00,DE,5,0
ORD_000133,CUST_6915,P045,Sports,147.72,4,2023-01-01 02:12:00,UA,5,10
ORD_000134,CUST_3693,P007,Clothing,261.69,2,2023-01-01 02:13:00,UA,5,10
ORD_000135,CUST_4627,P010,Clothing,876.76,1,2023-01-01 02:14:00,UA,15,5
ORD_000136,CUST_6450,P045,Electronics,190.98,4,2023-01-01 02:15:00,UA,0,0
ORD_000137,CUST_2663,P017,Sports,285.66,4,2023-01-01 02:16:00,UK,0,0
ORD_000138,CUST_6592,P026,Electronics,138.3,1,2023-01-01 02:17:00,UA,0,5
ORD_000139,CUST_8392,P021,Books,679.35,6,2023-01-01 02:18:00,UA,0,10
ORD_000140,CUST_2306,P028,Home,944.54,4,2023-01-01 02:19:00,PL,0,0
ORD_000141,CUST_7776,P046,Electronics,276.28,1,2023-01-01 02:20:00,UA,0,10
ORD_000142,CUST_6864,P002,Books,480.65,1,2023-01-01 02:21:00,UK,5,5
ORD_000143,CUST_8526,P043,Electronics,638.0,1,2023-01-01 02:22:00,UA,10,20
ORD_000144,CUST_9901,P001,Electronics,999.47,8,2023-01-01 02:23:00,PL,0,10
ORD_000145,CUST_6575,P036,Home,113.76,8,2023-01-01 02:24:00,DE,0,0
ORD_000146,CUST_6530,P026,Home,503.59,2,2023-01-01 02:25:00,UK,0,20
ORD_000147,CUST_5413,P029,Books,391.27,7,2023-01-01 02:26:00,DE,5,10
ORD_000148,CUST_4748,P021,Clothing,867.16,8,2023-01-01 02:27:00,US,5,10
ORD_000149,CUST_1663,P011,Electronics,481.21,8,2023-01-01 02:28:00,UA,0,20
ORD_000150,CUST_2998,P040,Electronics,119.87,7,2023-01-01 02:29:00,UA,0,20
ORD_000151,CUST_8994,P011,Electronics,638.08,5,2023-01-01 02:30:00,UA,0,20
ORD_000152,CUST_2495,P036,Electronics,773.07,1,2023-01-01 02:31:00,US,0,0
ORD_000153,CUST_4304,P049,Clothing,12.85,9,2023-01-01 02:32:00,UA,0,0
ORD_000154,CUST_4763,P039,Clothing,860.37,7,2023-01-01 02:33:00,UA,10,10
ORD_000155,CUST_6232,P040,Clothing,194.16,2,2023-01-01 02:34:00,UA,10,10
ORD_000156,CUST_2853,P035,Electronics,556.55,6,2023-01-01 02:35:00,UA,0,5
ORD_000157,CUST_7585,P034,Clothing,421.64,2,2023-01-01 02:36:00,UA,5,0
ORD_000158,CUST_2291,P047,Home,722.46,1,2023-01-01 02:37:00,UK,10,10
ORD_000159,CUST_4581,P024,Electronics,377.45,7,2023-01-01 02:38:00,PL,0,20
ORD_000160,CUST_8554,P022,Sports,871.07,2,2023-01-01 02:39:00,DE,0,20
ORD_000161,CUST_8280,P005,Home,733.19,2,2023-01-01 02:40:00,DE,10,0
ORD_000162,CUST_2636,P033,Electronics,651.24,5,2023-01-01 02:41:00,UA,0,20
ORD_000163,CUST_4696,P036,Home,798.28,5,2023-01-01 02:42:00,UA,10,5
ORD_000164,CUST_1698,P047,Books,756.48,7,2023-01-01 02:43:00,UA,15,10
ORD_000165,CUST_5737,P020,Books,45.58,1,2023-01-01 02:44:00,UA,5,10
ORD_000166,CUST_1854,P019,Clothing,400.79,8,2023-01-01 02:45:00,DE,10,10
ORD_000167,CUST_9164,P035,Clothing,931.5,3,2023-01-01 02:46:00,UA,5,0
ORD_000168,CUST_6855,P043,Clothing,134.47,4,2023-01-01 02:47:00,UA,5,20
ORD_000169,CUST_8392,P017,Clothing,739.73,9,2023-01-01 02:48:00,PL,0,5
ORD_000170,CUST_7528,P045,Books,974.85,4,2023-01-01 02:49:00,UK,0,0
ORD_000171,CUST_6249,P043,Books,61.68,5,2023-01-01 02:50:00,US,0,10
ORD_000172,CUST_6172,P034,Clothing,685.37,7,2023-01-01 02:51:00,US,5,5
ORD_000173,CUST_2707,P009,Books,473.47,4,2023-01-01 02:52:00,US,0,10
ORD_000174,CUST_6791,P026,Electronics,583.38,1,2023-01-01 02:53:00,UA,0,10
ORD_000175,CUST_6535,P002,Electronics,94.49,9,2023-01-01 02:54:00,US,0,0
ORD_000176,CUST_5931,P009,Home,52.58,4,2023-01-01 02:55:00,UA,5,10
ORD_000177,CUST_4510,P009,Clothing,670.2,9,2023-01-01 02:56:00,DE,15,5
ORD_000178,CUST_1202,P040,Electronics,825.08,6,2023-01-01 02:57:00,DE,15,10
ORD_000179,CUST_5218,P017,Electronics,784.2,1,2023-01-01 02:58:00,UA,0,20
ORD_000180,CUST_9958,P001,Electronics,548.37,3,2023-01-01 02:59:00,US,10,10
ORD_000181,CUST_5389,P025,Sports,108.87,2,2023-01-01 03:00:00,UK,5,0
ORD_000182,CUST_3327,P043,Books,691.16,9,2023-01-01 03:01:00,UA,0,5
ORD_000183,CUST_9004,P040,Sports,249.47,1,2023-01-01 03:02:00,US,0,0
ORD_000184,CUST_3931,P042,Books,911.96,9,2023-01-01 03:03:00,UA,0,20
ORD_000185,CUST_8777,P025,Clothing,839.88,9,2023-01-01 03:04:00,PL,10,10
ORD_000186,CUST_1197,P039,Clothing,712.29,8,2023-01-01 03:05:00,PL,0,0
ORD_000187,CUST_8125,P035,Books,949.36,8,2023-01-01 03:06:00,PL,0,0
ORD_000188,CUST_2930,P003,Electronics,41.11,1,2023-01-01 03:07:00,UK,5,0
ORD_000189,CUST_7287,P050,Home,738.84,8,2023-01-01 03:08:00,US,0,0
ORD_000190,CUST_9800,P037,Home,336.94,3,2023-01-01 03:09:00,US,0,20
ORD_000191,CUST_5282,P044,Clothing,907.01,7,2023-01-01 03:10:00,UA,5,20
ORD_000192,CUST_3511,P044,Sports,274.01,1,2023-01-01 03:11:00,UK,0,10
ORD_000193,CUST_1659,P030,Home,727.61,1,2023-01-01 03:12:00,UA,5,10
ORD_000194,CUST_3811,P038,Books,878.87,5,2023-01-01 03:13:00,US,0,5
ORD_000195,CUST_8098,P034,Electronics,51.24,5,2023-01-01 03:14:00,UA,5,20
ORD_000196,CUST_7546,P012,Clothing,403.67,8,2023-01-01 03:15:00,UA,5,0
ORD_000197,CUST_2986,P019,Clothing,764.69,7,2023-01-01 03:16:00,DE,0,0
ORD_000198,CUST_9338,P037,Electronics,460.37,8,2023-01-01 03:17:00,UA,0,5
ORD_000199,CUST_3911,P044,Electronics,274.58,6,2023-01-01 03:18:00,UA,5,0
ORD_000200,CUST_2734,P049,Home,227.61,6,2023-01-01 03:19:00,UA,5,5
ORD_000201,CUST_2843,P017,Electronics,140.2,2,2023-01-01 03:20:00,UA,5,10
ORD_000202,CUST_9680,P010,Books,858.56,6,2023-01-01 03:21:00,UA,10,20
ORD_000203,CUST_3976,P049,Sports,579.6,5,2023-01-01 03:22:00,UA,0,5
ORD_000204,CUST_2959,P047,Home,85.62,3,2023-01-01 03:23:00,PL,0,0
ORD_000205,CUST_6759,P012,Electronics,388.75,6,2023-01-01 03:24:00,UA,10,5
ORD_000206,CUST_7694,P016,Home,374.06,8,2023-01-01 03:25:00,DE,0,10
ORD_000207,CUST_3385,P024,Electronics,189.92,9,2023-01-01 03:26:00,UA,0,0
ORD_000208,CUST_5736,P019,Electronics,441.15,1,2023-01-01 03:27:00,UK,0,10
ORD_000209,CUST_2802,P008,Books,338.78,3,2023-01-01 03:28:00,US,0,10
ORD_000210,CUST_9155,P031,Clothing,348.39,3,2023-01-01 03:29:00,UA,0,5
ORD_000211,CUST_9120,P021,Clothing,741.64,8,2023-01-01 03:30:00,US,15,10
ORD_000212,CUST_7616,P017,Books,231.03,1,2023-01-01 03:31:00,US,0,0
ORD_000213,CUST_6534,P023,Electronics,645.44,5,2023-01-01 03:32:00,UK,0,10
ORD_000214,CUST_5061,P037,Electronics,574.94,3,2023-01-01 03:33:00,PL,15,10
ORD_000215,CUST_1262,P016,Clothing,572.41,2,2023-01-01 03:34:00,UA,15,5
ORD_000216,CUST_7287,P006,Home,666.38,8,2023-01-01 03:35:00,DE,0,10
ORD_000217,CUST_9815,P008,Books,552.9,3,2023-01-01 03:36:00,DE,0,20
ORD_000218,CUST_3049,P025,Electronics,880.46,7,2023-01-01 03:37:00,DE,10,5
ORD_000219,CUST_6423,P018,Clothing,678.82,1,2023-01-01 03:38:00,UA,5,5
ORD_000220,CUST_5548,P025,Electronics,551.49,6,2023-01-01 03:39:00,US,5,0
ORD_000221,CUST_4108,P012,Electronics,831.47,3,2023-01-01 03:40:00,UK,10,0
ORD_000222,CUST_8158,P015,Home,610.09,8,2023-01-01 03:41:00,UA,5,0
ORD_000223,CUST_8400,P026,Electronics,298.23,6,2023-01-01 03:42:00,UA,0,0
ORD_000224,CUST_4170,P041,Electronics,215.02,2,2023-01-01 03:43:00,UA,5,20
ORD_000225,CUST_3255,P045,Books,160.8,6,2023-01-01 03:44:00,US,0,5
ORD_000226,CUST_2154,P026,Books,900.46,7,2023-01-01 03:45:00,DE,5,10
ORD_000227,CUST_5499,P047,Books,713.03,5,2023-01-01 03:46:00,DE,5,0
ORD_000228,CUST_7295,P032,Electronics,938.0,3,2023-01-01 03:47:00,PL,0,0
ORD_000229,CUST_7197,P010,Electronics,607.26,4,2023-01-01 03:48:00,PL,0,0
ORD_000230,CUST_2648,P016,Electronics,478.67,4,2023-01-01 03:49:00,UA,0,10
ORD_000231,CUST_6539,P007,Electronics,69.12,6,2023-01-01 03:50:00,PL,0,0
ORD_000232,CUST_5199,P017,Books,674.93,1,2023-01-01 03:51:00,US,5,10
ORD_000233,CUST_9445,P023,Home,586.39,4,2023-01-01 03:52:00,UK,0,5
ORD_000234,CUST_3557,P026,Books,990.31,4,2023-01-01 03:53:00,UK,5,5
ORD_000235,CUST_6592,P021,Home,246.77,1,2023-01-01 03:54:00,UK,0,5
ORD_000236,CUST_1098,P022,Clothing,535.43,9,2023-01-01 03:55:00,PL,5,20
ORD_000237,CUST_3200,P007,Books,654.45,4,2023-01-01 03:56:00,PL,10,10
ORD_000238,CUST_3961,P014,Clothing,648.15,7,2023-01-01 03:57:00,DE,5,0
ORD_000239,CUST_5973,P015,Clothing,565.68,3,2023-01-01 03:58:00,UK,0,0
ORD_000240,CUST_5433,P007,Clothing,779.16,3,2023-01-01 03:59:00,UA,15,0
ORD_000241,CUST_3869,P009,Electronics,212.93,8,2023-01-01 04:00:00,UA,0,0
ORD_000242,CUST_1956,P048,Clothing,728.37,8,2023-01-01 04:01:00,UA,0,20
ORD_000243,CUST_9352,P008,Sports,623.54,1,2023-01-01 04:02:00,DE,0,0
ORD_000244,CUST_6699,P050,Electronics,897.11,2,2023-01-01 04:03:00,UA,0,20
ORD_000245,CUST_7944,P023,Electronics,848.72,8,2023-01-01 04:04:00,UA,15,10
ORD_000246,CUST_5493,P029,Clothing,322.0,1,2023-01-01 04:05:00,UA,0,5
ORD_000247,CUST_5911,P018,Home,283.47,8,2023-01-01 04:06:00,UA,5,0
ORD_000248,CUST_4987,P031,Books,981.84,8,2023-01-01 04:07:00,US,5,5
ORD_000249,CUST_7015,P030,Books,531.99,2,2023-01-01 04:08:00,UA,0,10
ORD_000250,CUST_2218,P039,Electronics,907.36,4,2023-01-01 04:09:00,DE,5,10
ORD_000251,CUST_5496,P035,Books,172.24,6,2023-01-01 04:10:00,DE,0,0
ORD_000252,CUST_5735,P018,Clothing,646.39,9,2023-01-01 04:11:00,US,0,10
ORD_000253,CUST_5555,P042,Home,811.76,8,2023-01-01 04:12:00,UA,0,5
ORD_000254,CUST_9050,P039,Books,947.92,8,2023-01-01 04:13:00,UK,10,0
ORD_000255,CUST_4446,P017,Electronics,343.97,7,2023-01-01 04:14:00,PL,15,20
ORD_000256,CUST_2045,P014,Electronics,727.73,9,2023-01-01 04:15:00,UK,0,0
ORD_000257,CUST_7893,P031,Electronics,543.42,2,2023-01-01 04:16:00,UK,0,5
ORD_000258,CUST_2693,P024,Clothing,70.02,3,2023-01-01 04:17:00,UA,5,0
ORD_000259,CUST_4436,P035,Electronics,693.1,8,2023-01-01 04:18:00,UA,0,0
ORD_000260,CUST_9754,P044,Books,693.2,6,2023-01-01 04:19:00,UA,10,5
ORD_000261,CUST_6895,P045,Clothing,931.3,9,2023-01-01 04:20:00,PL,0,0
ORD_000262,CUST_4354,P034,Electronics,502.34,4,2023-01-01 04:21:00,UA,0,0
ORD_000263,CUST_1225,P003,Electronics,237.95,8,2023-01-01 04:22:00,UA,10,5
ORD_000264,CUST_5893,P037,Electronics,54.12,3,2023-01-01 04:23:00,PL,0,10
ORD_000265,CUST_8022,P043,Home,421.49,3,2023-01-01 04:24:00,UA,10,5
ORD_000266,CUST_6600,P040,Electronics,308.9,8,2023-01-01 04:25:00,UA,10,0
ORD_000267,CUST_8996,P026,Books,763.48,5,2023-01-01 04:26:00,PL,0,20
ORD_000268,CUST_8683,P023,Home,360.73,3,2023-01-01 04:27:00,UA,0,20
ORD_000269,CUST_5642,P044,Books,949.58,1,2023-01-01 04:28:00,UA,15,5
ORD_000270,CUST_8679,P039,Home,962.69,3,2023-01-01 04:29:00,PL,10,20
ORD_000271,CUST_9208,P015,Clothing,624.7,9,2023-01-01 04:30:00,PL,0,0
ORD_000272,CUST_8339,P049,Sports,929.37,5,2023-01-01 04:31:00,US,10,0
ORD_000273,CUST_3205,P004,Electronics,763.25,2,2023-01-01 04:32:00,PL,0,5
ORD_000274,CUST_2069,P029,Electronics,551.39,7,2023-01-01 04:33:00,PL,0,0
ORD_000275,CUST_4444,P022,Books,188.5,2,2023-01-01 04:34:00,PL,10,10
ORD_000276,CUST_2060,P025,Sports,464.01,4,2023-01-01 04:35:00,US,0,0
ORD_000277,CUST_3327,P013,Home,565.27,7,2023-01-01 04:36:00,US,10,5
ORD_000278,CUST_4420,P018,Electronics,865.32,4,2023-01-01 04:37:00,US,0,10
ORD_000279,CUST_1301,P033,Electronics,486.52,7,2023-01-01 04:38:00,DE,5,10
ORD_000280,CUST_1606,P016,Sports,898.7,7,2023-01-01 04:39:00,UA,0,20
ORD_000281,CUST_4170,P045,Electronics,677.61,1,2023-01-01 04:40:00,UA,0,0
ORD_000282,CUST_1699,P042,Home,145.63,6,2023-01-01 04:41:00,UA,5,5
ORD_000283,CUST_6088,P044,Home,995.03,9,2023-01-01 04:42:00,UK,0,20
ORD_000284,CUST_1190,P002,Clothing,531.96,2,2023-01-01 04:43:00,DE,0,20
ORD_000285,CUST_1980,P035,Clothing,397.94,3,2023-01-01 04:44:00,DE,0,0
ORD_000286,CUST_3975,P042,Clothing,662.52,5,2023-01-01 04:45:00,UA,0,0
ORD_000287,CUST_7102,P034,Electronics,117.8,9,2023-01-01 04:46:00,US,10,5
ORD_000288,CUST_2184,P030,Home,640.17,4,2023-01-01 04:47:00,UA,0,20
ORD_000289,CUST_4327,P013,Clothing,503.25,1,2023-01-01 04:48:00,UA,0,5
ORD_000290,CUST_4394,P013,Home,412.61,4,2023-01-01 04:49:00,UA,0,20
ORD_000291,CUST_9319,P018,Electronics,953.49,6,2023-01-01 04:50:00,PL,0,20
ORD_000292,CUST_2816,P032,Sports,527.31,5,2023-01-01 04:51:00,PL,0,20
ORD_000293,CUST_6854,P032,Clothing,226.93,1,2023-01-01 04:52:00,US,0,0
ORD_000294,CUST_7709,P035,Electronics,464.37,4,2023-01-01 04:53:00,UA,0,20
ORD_000295,CUST_1569,P039,Electronics,920.19,6,2023-01-01 04:54:00,PL,5,20
ORD_000296,CUST_6442,P046,Books,184.33,4,2023-01-01 04:55:00,PL,10,20
ORD_000297,CUST_2895,P029,Books,221.82,9,2023-01-01 04:56:00,UA,0,10
ORD_000298,CUST_3733,P049,Home,22.9,5,2023-01-01 04:57:00,US,0,0
ORD_000299,CUST_4863,P029,Electronics,24.05,8,2023-01-01 04:58:00,US,0,10
ORD_000300,CUST_8455,P044,Electronics,831.1,9,2023-01-01 04:59:00,DE,0,0
ORD_000301,CUST_5014,P016,Clothing,734.8,5,2023-01-01 05:00:00,US,0,5
ORD_000302,CUST_2686,P044,Clothing,361.49,6,2023-01-01 05:01:00,DE,0,10
ORD_000303,CUST_4009,P047,Clothing,701.33,1,2023-01-01 05:02:00,UA,0,5
ORD_000304,CUST_8806,P010,Sports,401.25,7,2023-01-01 05:03:00,DE,0,20
ORD_000305,CUST_1154,P030,Sports,953.37,4,2023-01-01 05:04:00,UA,0,5
ORD_000306,CUST_2409,P025,Sports,967.38,2,2023-01-01 05:05:00,UA,0,5
ORD_000307,CUST_1784,P039,Home,398.87,5,2023-01-01 05:06:00,UA,0,5
ORD_000308,CUST_9096,P020,Clothing,855.68,3,2023-01-01 05:07:00,DE,0,5
ORD_000309,CUST_8560,P005,Clothing,775.36,6,2023-01-01 05:08:00,DE,0,0
ORD_000310,CUST_8343,P001,Clothing,316.9,8,2023-01-01 05:09:00,UA,0,10
ORD_000311,CUST_8206,P030,Home,239.72,7,2023-01-01 05:10:00,DE,0,0
ORD_000312,CUST_6596,P049,Electronics,463.65,3,2023-01-01 05:11:00,UK,0,0
ORD_000313,CUST_6801,P003,Clothing,783.54,8,2023-01-01 05:12:00,UA,0,0
ORD_000314,CUST_3806,P045,Electronics,960.57,2,2023-01-01 05:13:00,UA,0,5
ORD_000315,CUST_1537,P014,Clothing,765.94,9,2023-01-01 05:14:00,US,0,0
ORD_000316,CUST_6986,P030,Home,856.65,4,2023-01-01 05:15:00,UA,0,10
ORD_000317,CUST_2841,P050,Home,607.03,1,2023-01-01 05:16:00,DE,5,0
ORD_000318,CUST_9716,P004,Electronics,837.05,8,2023-01-01 05:17:00,UA,0,20
ORD_000319,CUST_7971,P018,Sports,786.58,7,2023-01-01 05:18:00,PL,0,5
ORD_000320,CUST_6625,P037,Books,383.22,5,2023-01-01 05:19:00,DE,10,20
ORD_000321,CUST_3950,P025,Electronics,556.47,5,2023-01-01 05:20:00,DE,0,10
ORD_000322,CUST_8992,P048,Electronics,806.71,7,2023-01-01 05:21:00,US,0,10
ORD_000323,CUST_5780,P001,Electronics,55.6,5,2023-01-01 05:22:00,US,10,10
ORD_000324,CUST_3368,P046,Electronics,810.0,8,2023-01-01 05:23:00,US,10,10
ORD_000325,CUST_7655,P015,Sports,186.11,6,2023-01-01 05:24:00,DE,0,0
ORD_000326,CUST_9173,P009,Clothing,519.54,5,2023-01-01 05:25:00,UA,0,5
ORD_000327,CUST_5495,P015,Home,810.19,9,2023-01-01 05:26:00,PL,0,10
ORD_000328,CUST_7002,P049,Clothing,261.28,2,2023-01-01 05:27:00,UA,0,20
ORD_000329,CUST_7614,P024,Electronics,253.35,1,2023-01-01 05:28:00,US,0,10
ORD_000330,CUST_6919,P004,Clothing,408.74,8,2023-01-01 05:29:00,UA,0,5
ORD_000331,CUST_1853,P012,Electronics,895.7,3,2023-01-01 05:30:00,PL,0,20
ORD_000332,CUST_5146,P037,Clothing,10.44,7,2023-01-01 05:31:00,UA,10,20
ORD_000333,CUST_4769,P037,Sports,902.37,8,2023-01-01 05:32:00,US,15,20
ORD_000334,CUST_1574,P043,Clothing,162.27,6,2023-01-01 05:33:00,US,0,0
ORD_000335,CUST_2148,P006,Books,990.19,9,2023-01-01 05:34:00,UA,5,10
ORD_000336,CUST_7293,P039,Electronics,955.3,7,2023-01-01 05:35:00,US,0,0
ORD_000337,CUST_7457,P046,Electronics,499.73,5,2023-01-01 05:36:00,UA,10,20
ORD_000338,CUST_8509,P024,Electronics,517.59,8,2023-01-01 05:37:00,PL,0,0
ORD_000339,CUST_5777,P011,Books,486.73,2,2023-01-01 05:38:00,US,0,0
ORD_000340,CUST_4854,P013,Electronics,639.09,7,2023-01-01 05:39:00,UA,0,0
ORD_000341,CUST_3491,P034,Clothing,99.81,4,2023-01-01 05:40:00,UK,0,10
ORD_000342,CUST_4124,P025,Books,42.29,9,2023-01-01 05:41:00,UA,0,20
ORD_000343,CUST_6691,P007,Clothing,67.13,1,2023-01-01 05:42:00,UA,5,20
ORD_000344,CUST_4051,P004,Electronics,449.92,7,2023-01-01 05:43:00,UK,5,10
ORD_000345,CUST_1004,P008,Electronics,282.79,6,2023-01-01 05:44:00,UA,0,0
ORD_000346,CUST_6222,P020,Sports,625.82,8,2023-01-01 05:45:00,UK,0,0
ORD_000347,CUST_6315,P029,Books,992.52,5,2023-01-01 05:46:00,UK,0,5
ORD_000348,CUST_5869,P045,Clothing,392.46,1,2023-01-01 05:47:00,UA,10,5
ORD_000349,CUST_1876,P046,Electronics,578.1,1,2023-01-01 05:48:00,PL,10,5
ORD_000350,CUST_8027,P010,Sports,421.45,9,2023-01-01 05:49:00,UA,15,10
ORD_000351,CUST_5142,P043,Books,848.8,6,2023-01-01 05:50:00,PL,10,20
ORD_000352,CUST_7966,P034,Clothing,903.21,5,2023-01-01 05:51:00,UA,0,5
ORD_000353,CUST_8079,P026,Home,878.58,1,2023-01-01 05:52:00,UA,0,20
ORD_000354,CUST_8987,P041,Electronics,974.63,6,2023-01-01 05:53:00,UA,0,20
ORD_000355,CUST_7799,P049,Clothing,37.24,6,2023-01-01 05:54:00,PL,10,20
ORD_000356,CUST_5465,P003,Books,841.42,3,2023-01-01 05:55:00,UK,0,10
ORD_000357,CUST_1635,P006,Electronics,754.25,8,2023-01-01 05:56:00,US,0,10
ORD_000358,CUST_2693,P005,Sports,236.41,1,2023-01-01 05:57:00,DE,10,10
ORD_000359,CUST_5752,P005,Books,956.76,1,2023-01-01 05:58:00,PL,0,10
ORD_000360,CUST_9311,P047,Books,156.7,6,2023-01-01 05:59:00,US,0,5
ORD_000361,CUST_1830,P023,Electronics,682.75,1,2023-01-01 06:00:00,UA,5,0
ORD_000362,CUST_6177,P049,Electronics,232.64,6,2023-01-01 06:01:00,DE,0,0
ORD_000363,CUST_9932,P009,Clothing,437.07,1,2023-01-01 06:02:00,UK,0,0
ORD_000364,CUST_9308,P035,Home,721.97,6,2023-01-01 06:03:00,UA,5,5
ORD_000365,CUST_6949,P020,Electronics,567.69,3,2023-01-01 06:04:00,DE,5,0
ORD_000366,CUST_3838,P049,Clothing,433.23,8,2023-01-01 06:05:00,US,15,5
ORD_000367,CUST_2150,P042,Books,333.08,6,2023-01-01 06:06:00,UK,0,5
ORD_000368,CUST_8560,P035,Electronics,841.26,1,2023-01-01 06:07:00,DE,0,5
ORD_000369,CUST_2931,P050,Books,152.38,5,2023-01-01 06:08:00,UA,5,0
ORD_000370,CUST_2664,P018,Electronics,435.8,8,2023-01-01 06:09:00,UA,0,20
ORD_000371,CUST_2081,P017,Sports,904.72,3,2023-01-01 06:10:00,UA,0,0
ORD_000372,CUST_1512,P024,Clothing,847.39,6,2023-01-01 06:11:00,US,5,0
ORD_000373,CUST_8805,P003,Electronics,406.93,5,2023-01-01 06:12:00,UA,0,10
ORD_000374,CUST_6237,P032,Clothing,765.48,6,2023-01-01 06:13:00,US,0,5
ORD_000375,CUST_1559,P035,Clothing,824.93,1,2023-01-01 06:14:00,UA,0,20
ORD_000376,CUST_4672,P038,Home,890.0,7,2023-01-01 06:15:00,UA,0,10
ORD_000377,CUST_8404,P013,Books,549.06,9,2023-01-01 06:16:00,PL,0,20
ORD_000378,CUST_4343,P047,Books,212.42,2,2023-01-01 06:17:00,DE,0,20
ORD_000379,CUST_5070,P025,Electronics,262.76,5,2023-01-01 06:18:00,UA,5,5
ORD_000380,CUST_1580,P009,Electronics,302.74,4,2023-01-01 06:19:00,PL,10,0
ORD_000381,CUST_8004,P004,Electronics,597.86,6,2023-01-01 06:20:00,PL,0,5
ORD_000382,CUST_9130,P014,Books,42.48,6,2023-01-01 06:21:00,UA,0,5
ORD_000383,CUST_4147,P037,Home,639.68,2,2023-01-01 06:22:00,UA,0,10
ORD_000384,CUST_5249,P034,Clothing,370.71,2,2023-01-01 06:23:00,US,0,5
ORD_000385,CUST_2679,P011,Electronics,302.29,4,2023-01-01 06:24:00,PL,5,0
ORD_000386,CUST_4506,P041,Books,880.7,1,2023-01-01 06:25:00,UA,5,20
ORD_000387,CUST_8253,P003,Home,465.4,9,2023-01-01 06:26:00,US,5,5
ORD_000388,CUST_3744,P028,Books,104.1,7,2023-01-01 06:27:00,UK,0,20
ORD_000389,CUST_6188,P029,Home,828.48,7,2023-01-01 06:28:00,DE,0,5
ORD_000390,CUST_3141,P009,Electronics,57.16,3,2023-01-01 06:29:00,PL,0,20
ORD_000391,CUST_7617,P003,Electronics,729.48,3,2023-01-01 06:30:00,US,0,5
ORD_000392,CUST_3479,P025,Home,776.17,1,2023-01-01 06:31:00,UK,5,10
ORD_000393,CUST_7484,P034,Books,359.08,3,2023-01-01 06:32:00,US,15,20
ORD_000394,CUST_8421,P012,Clothing,826.54,3,2023-01-01 06:33:00,PL,0,5
ORD_000395,CUST_5452,P042,Books,520.5,4,2023-01-01 06:34:00,PL,5,5
ORD_000396,CUST_6881,P009,Home,468.66,4,2023-01-01 06:35:00,DE,0,10
ORD_000397,CUST_7665,P015,Books,54.95,3,2023-01-01 06:36:00,UA,0,10
ORD_000398,CUST_3849,P040,Books,297.13,8,2023-01-01 06:37:00,PL,0,10
ORD_000399,CUST_8390,P025,Clothing,931.7,8,2023-01-01 06:38:00,US,0,20
ORD_000400,CUST_7905,P005,Clothing,397.91,1,2023-01-01 06:39:00,DE,0,20
ORD_000401,CUST_3489,P011,Clothing,551.23,7,2023-01-01 06:40:00,PL,5,10
ORD_000402,CUST_5611,P034,Home,536.7,2,2023-01-01 06:41:00,DE,10,0
ORD_000403,CUST_3839,P024,Home,594.53,1,2023-01-01 06:42:00,UA,0,0
ORD_000404,CUST_9527,P015,Home,70.72,3,2023-01-01 06:43:00,PL,0,5
ORD_000405,CUST_6878,P038,Electronics,368.55,4,2023-01-01 06:44:00,US,10,0
ORD_000406,CUST_7303,P008,Books,725.9,6,2023-01-01 06:45:00,UA,10,5
ORD_000407,CUST_1851,P005,Home,208.55,5,2023-01-01 06:46:00,UA,5,20
ORD_000408,CUST_2687,P048,Books,211.54,4,2023-01-01 06:47:00,UK,0,20
ORD_000409,CUST_7833,P026,Home,19.99,8,2023-01-01 06:48:00,UA,10,0
ORD_000410,CUST_3427,P018,Home,443.11,4,2023-01-01 06:49:00,UA,0,20
ORD_000411,CUST_5000,P006,Clothing,883.91,2,2023-01-01 06:50:00,UK,5,10
ORD_000412,CUST_6052,P037,Clothing,61.38,3,2023-01-01 06:51:00,DE,0,10
ORD_000413,CUST_3738,P048,Electronics,199.21,6,2023-01-01 06:52:00,DE,5,0
ORD_000414,CUST_6732,P013,Clothing,316.98,8,2023-01-01 06:53:00,US,0,0
ORD_000415,CUST_6387,P028,Books,734.41,8,2023-01-01 06:54:00,UA,0,5
ORD_000416,CUST_9002,P005,Home,644.23,9,2023-01-01 06:55:00,DE,0,20
ORD_000417,CUST_6536,P013,Electronics,421.78,7,2023-01-01 06:56:00,PL,0,5
ORD_000418,CUST_4913,P017,Electronics,761.48,2,2023-01-01 06:57:00,US,5,5
ORD_000419,CUST_2066,P050,Books,613.53,8,2023-01-01 06:58:00,PL,10,10
ORD_000420,CUST_8723,P040,Electronics,897.08,7,2023-01-01 06:59:00,DE,15,10
ORD_000421,CUST_5380,P045,Electronics,819.85,8,2023-01-01 07:00:00,PL,0,10
ORD_000422,CUST_5107,P032,Electronics,260.29,3,2023-01-01 07:01:00,PL,5,10
ORD_000423,CUST_6726,P029,Electronics,278.72,7,2023-01-01 07:02:00,US,5,5
ORD_000424,CUST_4373,P003,Electronics,134.1,9,2023-01-01 07:03:00,DE,0,10
ORD_000425,CUST_9945,P040,Clothing,343.6,3,2023-01-01 07:04:00,DE,0,20
ORD_000426,CUST_3082,P034,Clothing,999.55,6,2023-01-01 07:05:00,PL,5,10
ORD_000427,CUST_9967,P040,Home,411.69,2,2023-01-01 07:06:00,PL,10,10
ORD_000428,CUST_7748,P027,Clothing,228.28,2,2023-01-01 07:07:00,DE,5,10
ORD_000429,CUST_1417,P013,Books,764.86,5,2023-01-01 07:08:00,US,0,0
ORD_000430,CUST_9306,P045,Electronics,547.05,5,2023-01-01 07:09:00,DE,0,20
ORD_000431,CUST_9808,P033,Electronics,158.11,7,2023-01-01 07:10:00,UK,0,20
ORD_000432,CUST_4974,P006,Books,386.88,2,2023-01-01 07:11:00,US,5,5
ORD_000433,CUST_4267,P024,Electronics,420.33,7,2023-01-01 07:12:00,PL,5,5
ORD_000434,CUST_1825,P019,Clothing,756.29,5,2023-01-01 07:13:00,DE,0,10
ORD_000435,CUST_8668,P016,Books,30.46,6,2023-01-01 07:14:00,UK,10,0
ORD_000436,CUST_6745,P040,Books,276.33,8,2023-01-01 07:15:00,DE,0,5
ORD_000437,CUST_1412,P028,Electronics,522.42,4,2023-01-01 07:16:00,US,15,5
ORD_000438,CUST_8543,P033,Clothing,276.16,7,2023-01-01 07:17:00,DE,0,10
ORD_000439,CUST_8587,P048,Books,632.15,6,2023-01-01 07:18:00,PL,0,10
ORD_000440,CUST_1728,P041,Electronics,487.05,2,2023-01-01 07:19:00,UA,0,5
ORD_000441,CUST_8164,P013,Books,368.09,8,2023-01-01 07:20:00,PL,0,5
ORD_000442,CUST_9867,P043,Books,949.72,9,2023-01-01 07:21:00,UK,0,20
ORD_000443,CUST_6988,P045,Sports,635.84,5,2023-01-01 07:22:00,DE,0,0
ORD_000444,CUST_3504,P025,Electronics,138.64,4,2023-01-01 07:23:00,PL,0,20
ORD_000445,CUST_3967,P042,Home,564.49,6,2023-01-01 07:24:00,UK,5,5
ORD_000446,CUST_3786,P036,Clothing,782.92,8,2023-01-01 07:25:00,PL,0,20
ORD_000447,CUST_2122,P027,Clothing,711.4,3,2023-01-01 07:26:00,PL,0,20
ORD_000448,CUST_5079,P038,Electronics,180.37,1,2023-01-01 07:27:00,US,0,5
ORD_000449,CUST_2571,P007,Books,972.7,4,2023-01-01 07:28:00,DE,5,10
ORD_000450,CUST_6073,P005,Electronics,454.33,4,2023-01-01 07:29:00,UA,0,5
ORD_000451,CUST_6104,P043,Clothing,167.43,1,2023-01-01 07:30:00,PL,10,10
ORD_000452,CUST_3143,P045,Electronics,188.39,9,2023-01-01 07:31:00,PL,5,5
ORD_000453,CUST_7806,P031,Home,107.25,3,2023-01-01 07:32:00,UA,0,5
ORD_000454,CUST_8357,P023,Home,805.48,5,2023-01-01 07:33:00,PL,0,5
ORD_000455,CUST_4440,P042,Books,130.81,6,2023-01-01 07:34:00,PL,0,0
ORD_000456,CUST_4766,P010,Electronics,133.87,8,2023-01-01 07:35:00,UA,0,10
ORD_000457,CUST_6644,P032,Electronics,851.97,6,2023-01-01 07:36:00,PL,10,0
ORD_000458,CUST_3914,P043,Books,351.16,3,2023-01-01 07:37:00,UA,10,5
ORD_000459,CUST_5968,P030,Clothing,40.55,6,2023-01-01 07:38:00,PL,0,20
ORD_000460,CUST_6917,P039,Electronics,61.38,1,2023-01-01 07:39:00,US,0,0
ORD_000461,CUST_9787,P031,Books,150.75,4,2023-01-01 07:40:00,DE,5,10
ORD_000462,CUST_1728,P018,Sports,221.26,6,2023-01-01 07:41:00,UA,5,5
ORD_000463,CUST_2365,P036,Books,668.49,7,2023-01-01 07:42:00,UA,0,0
ORD_000464,CUST_5492,P002,Books,165.75,3,2023-01-01 07:43:00,UA,0,20
ORD_000465,CUST_1698,P014,Sports,127.69,9,2023-01-01 07:44:00,PL,0,0
ORD_000466,CUST_8186,P013,Electronics,767.07,7,2023-01-01 07:45:00,UA,10,10
ORD_000467,CUST_1395,P029,Books,674.34,1,2023-01-01 07:46:00,PL,0,0
ORD_000468,CUST_8400,P012,Sports,440.97,2,2023-01-01 07:47:00,UA,0,20
ORD_000469,CUST_9082,P039,Electronics,553.82,1,2023-01-01 07:48:00,US,10,20
ORD_000470,CUST_5171,P002,Books,318.86,9,2023-01-01 07:49:00,UA,5,10
ORD_000471,CUST_5360,P032,Books,487.68,9,2023-01-01 07:50:00,UA,10,20
ORD_000472,CUST_3502,P013,Books,511.61,7,2023-01-01 07:51:00,US,0,5
ORD_000473,CUST_1717,P046,Books,393.36,3,2023-01-01 07:52:00,UA,0,20
ORD_000474,CUST_3782,P027,Sports,907.51,5,2023-01-01 07:53:00,UA,10,5
ORD_000475,CUST_5946,P049,Home,25.9,4,2023-01-01 07:54:00,PL,0,0
ORD_000476,CUST_6486,P041,Electronics,784.35,7,2023-01-01 07:55:00,PL,0,5
ORD_000477,CUST_9335,P017,Home,133.14,9,2023-01-01 07:56:00,DE,0,5
ORD_000478,CUST_5980,P040,Electronics,799.57,2,2023-01-01 07:57:00,UA,0,0
ORD_000479,CUST_8266,P031,Clothing,619.75,8,2023-01-01 07:58:00,PL,0,20
ORD_000480,CUST_5491,P034,Clothing,844.85,9,2023-01-01 07:59:00,UA,10,5
ORD_000481,CUST_8192,P024,Clothing,106.54,9,2023-01-01 08:00:00,UA,10,20
ORD_000482,CUST_6588,P045,Clothing,563.39,7,2023-01-01 08:01:00,US,10,0
ORD_000483,CUST_8651,P035,Sports,506.08,9,2023-01-01 08:02:00,DE,0,10
ORD_000484,CUST_4636,P048,Books,709.13,9,2023-01-01 08:03:00,UA,0,20
ORD_000485,CUST_2167,P006,Books,538.95,3,2023-01-01 08:04:00,PL,0,20
ORD_000486,CUST_2062,P019,Electronics,545.33,4,2023-01-01 08:05:00,UA,10,10
ORD_000487,CUST_3156,P030,Sports,435.3,2,2023-01-01 08:06:00,US,0,10
ORD_000488,CUST_8860,P007,Sports,315.75,3,2023-01-01 08:07:00,UA,5,0
ORD_000489,CUST_6161,P010,Home,487.44,5,2023-01-01 08:08:00,UA,5,20
ORD_000490,CUST_6305,P041,Electronics,127.31,5,2023-01-01 08:09:00,PL,0,20
ORD_000491,CUST_7541,P032,Electronics,961.9,6,2023-01-01 08:10:00,PL,0,0
ORD_000492,CUST_5729,P034,Electronics,717.27,7,2023-01-01 08:11:00,PL,15,20
ORD_000493,CUST_8330,P028,Electronics,952.94,7,2023-01-01 08:12:00,UA,15,5
ORD_000494,CUST_6334,P015,Clothing,234.46,1,2023-01-01 08:13:00,UA,0,5
ORD_000495,CUST_9924,P030,Sports,880.55,2,2023-01-01 08:14:00,PL,0,5
ORD_000496,CUST_5330,P037,Clothing,810.7,9,2023-01-01 08:15:00,UA,15,20
ORD_000497,CUST_9010,P029,Electronics,680.38,2,2023-01-01 08:16:00,US,0,5
ORD_000498,CUST_7801,P022,Electronics,628.78,6,2023-01-01 08:17:00,UA,0,5
ORD_000499,CUST_5846,P004,Electronics,323.38,1,2023-01-01 08:18:00,PL,0,0
ORD_000500,CUST_7731,P020,Electronics,818.25,3,2023-01-01 08:19:00,DE,0,0
ORD_000501,CUST_8241,P032,Electronics,506.5,2,2023-01-01 08:20:00,UA,0,10
ORD_000502,CUST_1953,P036,Electronics,80.18,3,2023-01-01 08:21:00,DE,0,10
ORD_000503,CUST_3539,P050,Home,319.73,5,2023-01-01 08:22:00,US,0,10
ORD_000504,CUST_8056,P004,Sports,935.94,6,2023-01-01 08:23:00,UA,0,10
ORD_000505,CUST_2542,P027,Clothing,852.17,9,2023-01-01 08:24:00,UK,15,0
ORD_000506,CUST_6293,P017,Clothing,982.09,4,2023-01-01 08:25:00,PL,10,0
ORD_000507,CUST_2191,P012,Home,631.71,7,2023-01-01 08:26:00,UA,10,0
ORD_000508,CUST_7313,P022,Electronics,255.03,6,2023-01-01 08:27:00,PL,5,5
ORD_000509,CUST_7938,P017,Electronics,171.19,2,2023-01-01 08:28:00,UA,0,5
ORD_000510,CUST_3681,P010,Home,195.05,8,2023-01-01 08:29:00,DE,0,10
ORD_000511,CUST_2540,P001,Electronics,29.6,7,2023-01-01 08:30:00,US,10,5
ORD_000512,CUST_7172,P022,Books,396.78,7,2023-01-01 08:31:00,US,0,20
ORD_000513,CUST_6541,P026,Books,199.51,8,2023-01-01 08:32:00,UK,0,0
ORD_000514,CUST_2365,P018,Clothing,417.54,1,2023-01-01 08:33:00,US,5,10
ORD_000515,CUST_9691,P050,Clothing,935.64,1,2023-01-01 08:34:00,DE,0,10
ORD_000516,CUST_9702,P014,Home,436.23,8,2023-01-01 08:35:00,UA,0,20
ORD_000517,CUST_8494,P047,Electronics,879.2,4,2023-01-01 08:36:00,PL,15,5
ORD_000518,CUST_5312,P029,Electronics,609.45,5,2023-01-01 08:37:00,UA,10,10
ORD_000519,CUST_2324,P012,Books,254.66,8,2023-01-01 08:38:00,DE,0,5
ORD_000520,CUST_4141,P036,Clothing,362.3,5,2023-01-01 08:39:00,PL,15,5
ORD_000521,CUST_8419,P035,Electronics,93.08,4,2023-01-01 08:40:00,UA,5,20
ORD_000522,CUST_4486,P012,Home,340.13,6,2023-01-01 08:41:00,UA,5,10
ORD_000523,CUST_2810,P007,Clothing,680.77,5,2023-01-01 08:42:00,UA,0,5
ORD_000524,CUST_7588,P029,Home,81.39,7,2023-01-01 08:43:00,PL,0,5
ORD_000525,CUST_3923,P011,Home,213.35,7,2023-01-01 08:44:00,PL,5,20
ORD_000526,CUST_6301,P033,Books,387.63,4,2023-01-01 08:45:00,DE,10,20
ORD_000527,CUST_5186,P006,Clothing,982.23,5,2023-01-01 08:46:00,PL,5,5
ORD_000528,CUST_9905,P047,Sports,787.01,3,2023-01-01 08:47:00,DE,0,20
ORD_000529,CUST_6977,P015,Electronics,736.15,4,2023-01-01 08:48:00,UA,0,5
ORD_000530,CUST_5268,P032,Books,125.03,4,2023-01-01 08:49:00,UA,10,10
ORD_000531,CUST_5748,P011,Electronics,783.19,3,2023-01-01 08:50:00,PL,0,0
ORD_000532,CUST_5849,P023,Clothing,787.42,5,2023-01-01 08:51:00,PL,0,20
ORD_000533,CUST_4709,P026,Clothing,605.09,5,2023-01-01 08:52:00,UA,0,0
ORD_000534,CUST_7619,P034,Sports,990.46,7,2023-01-01 08:53:00,UA,0,5
ORD_000535,CUST_9647,P046,Sports,332.0,4,2023-01-01 08:54:00,UA,5,5
ORD_000536,CUST_4072,P034,Electronics,941.86,4,2023-01-01 08:55:00,PL,5,5
ORD_000537,CUST_7530,P029,Electronics,915.58,9,2023-01-01 08:56:00,UA,0,0
ORD_000538,CUST_1504,P004,Books,21.37,6,2023-01-01 08:57:00,DE,0,5
ORD_000539,CUST_2214,P017,Clothing,455.62,4,2023-01-01 08:58:00,US,10,20
ORD_000540,CUST_2531,P035,Electronics,977.33,2,2023-01-01 08:59:00,UA,0,10
ORD_000541,CUST_8576,P013,Books,112.09,6,2023-01-01 09:00:00,UK,0,10
ORD_000542,CUST_1823,P041,Clothing,552.31,2,2023-01-01 09:01:00,PL,15,20
ORD_000543,CUST_1928,P039,Sports,979.17,5,2023-01-01 09:02:00,DE,0,10
ORD_000544,CUST_6029,P015,Electronics,559.94,6,2023-01-01 09:03:00,DE,10,0
ORD_000545,CUST_1133,P029,Clothing,197.92,4,2023-01-01 09:04:00,DE,0,5
ORD_000546,CUST_3105,P029,Clothing,586.36,3,2023-01-01 09:05:00,PL,0,5
ORD_000547,CUST_4627,P011,Home,212.4,7,2023-01-01 09:06:00,PL,0,5
ORD_000548,CUST_7316,P032,Clothing,524.51,2,2023-01-01 09:07:00,UA,15,0
ORD_000549,CUST_2852,P002,Books,83.3,6,2023-01-01 09:08:00,UA,0,0
ORD_000550,CUST_5910,P047,Electronics,609.43,4,2023-01-01 09:09:00,UA,0,0
ORD_000551,CUST_5175,P014,Home,521.62,6,2023-01-01 09:10:00,UA,15,20
ORD_000552,CUST_6348,P020,Clothing,742.76,4,2023-01-01 09:11:00,UA,0,0
ORD_000553,CUST_7190,P022,Electronics,634.39,4,2023-01-01 09:12:00,UA,0,10
ORD_000554,CUST_2256,P011,Books,554.11,4,2023-01-01 09:13:00,DE,0,20
ORD_000555,CUST_4376,P027,Electronics,692.88,9,2023-01-01 09:14:00,US,5,20
ORD_000556,CUST_6645,P003,Electronics,152.5,7,2023-01-01 09:15:00,UK,0,20
ORD_000557,CUST_4486,P017,Home,599.41,3,2023-01-01 09:16:00,PL,0,0
ORD_000558,CUST_4584,P044,Clothing,180.39,3,2023-01-01 09:17:00,DE,0,20
ORD_000559,CUST_9053,P028,Books,926.27,6,2023-01-01 09:18:00,US,0,0
ORD_000560,CUST_4330,P029,Electronics,77.65,6,2023-01-01 09:19:00,PL,15,0
ORD_000561,CUST_3703,P021,Home,436.07,4,2023-01-01 09:20:00,UA,10,20
ORD_000562,CUST_9662,P047,Electronics,698.84,9,2023-01-01 09:21:00,UK,5,5
ORD_000563,CUST_9120,P016,Clothing,463.44,4,2023-01-01 09:22:00,PL,10,5
ORD_000564,CUST_8114,P037,Sports,101.17,9,2023-01-01 09:23:00,PL,5,20
ORD_000565,CUST_2353,P020,Home,557.85,4,2023-01-01 09:24:00,UA,0,5
ORD_000566,CUST_6063,P006,Clothing,645.22,2,2023-01-01 09:25:00,UA,5,10
ORD_000567,CUST_9549,P019,Clothing,706.75,2,2023-01-01 09:26:00,US,0,10
ORD_000568,CUST_8575,P005,Home,379.53,5,2023-01-01 09:27:00,DE,0,0
ORD_000569,CUST_1667,P003,Clothing,568.02,4,2023-01-01 09:28:00,UA,10,5
ORD_000570,CUST_5468,P001,Home,456.18,7,2023-01-01 09:29:00,UA,0,10
ORD_000571,CUST_7819,P038,Home,675.34,5,2023-01-01 09:30:00,PL,10,20
ORD_000572,CUST_4719,P015,Electronics,587.72,6,2023-01-01 09:31:00,PL,0,5
ORD_000573,CUST_3745,P034,Electronics,530.5,4,2023-01-01 09:32:00,UA,5,10
ORD_000574,CUST_8483,P035,Books,257.03,2,2023-01-01 09:33:00,US,0,10
ORD_000575,CUST_1539,P049,Electronics,12.0,9,2023-01-01 09:34:00,UA,5,20
ORD_000576,CUST_5964,P025,Electronics,182.34,7,2023-01-01 09:35:00,UA,5,0
ORD_000577,CUST_5835,P024,Sports,125.9,4,2023-01-01 09:36:00,DE,0,20
ORD_000578,CUST_4775,P012,Books,454.59,3,2023-01-01 09:37:00,UA,0,0
ORD_000579,CUST_7042,P018,Home,616.14,3,2023-01-01 09:38:00,US,0,10
ORD_000580,CUST_8102,P015,Books,220.95,9,2023-01-01 09:39:00,DE,0,0
ORD_000581,CUST_8312,P044,Books,939.67,5,2023-01-01 09:40:00,US,5,10
ORD_000582,CUST_6320,P016,Electronics,16.62,3,2023-01-01 09:41:00,UA,10,10
ORD_000583,CUST_7132,P027,Clothing,774.58,5,2023-01-01 09:42:00,UA,0,5
ORD_000584,CUST_8891,P008,Electronics,628.95,2,2023-01-01 09:43:00,UA,5,0
ORD_000585,CUST_3779,P046,Clothing,379.82,4,2023-01-01 09:44:00,PL,10,0
ORD_000586,CUST_1924,P025,Home,59.98,2,2023-01-01 09:45:00,DE,0,0
ORD_000587,CUST_2581,P017,Clothing,631.21,2,2023-01-01 09:46:00,US,5,20
ORD_000588,CUST_8714,P029,Clothing,391.76,8,2023-01-01 09:47:00,DE,10,5
ORD_000589,CUST_4324,P008,Clothing,936.9,1,2023-01-01 09:48:00,UK,0,5
ORD_000590,CUST_6713,P015,Electronics,546.57,7,2023-01-01 09:49:00,DE,0,5
ORD_000591,CUST_8026,P027,Clothing,940.25,5,2023-01-01 09:50:00,UA,0,20
ORD_000592,CUST_1255,P046,Electronics,228.28,8,2023-01-01 09:51:00,UA,15,0
ORD_000593,CUST_5804,P050,Electronics,728.47,1,2023-01-01 09:52:00,DE,10,0
ORD_000594,CUST_2838,P007,Electronics,621.08,7,2023-01-01 09:53:00,UA,5,0
ORD_000595,CUST_1009,P003,Clothing,742.01,5,2023-01-01 09:54:00,UA,0,5
ORD_000596,CUST_3871,P029,Home,222.52,4,2023-01-01 09:55:00,PL,0,5
ORD_000597,CUST_9989,P044,Electronics,668.34,7,2023-01-01 09:56:00,US,0,10
ORD_000598,CUST_8409,P024,Clothing,503.06,2,2023-01-01 09:57:00,UA,0,20
ORD_000599,CUST_8418,P003,Books,745.4,1,2023-01-01 09:58:00,US,5,20
ORD_000600,CUST_6124,P020,Electronics,333.77,1,2023-01-01 09:59:00,US,15,5
ORD_000601,CUST_2015,P046,Home,891.16,1,2023-01-01 10:00:00,PL,10,10
ORD_000602,CUST_3193,P015,Clothing,93.46,5,2023-01-01 10:01:00,UA,5,0
ORD_000603,CUST_9415,P025,Clothing,809.12,7,2023-01-01 10:02:00,UA,0,5
ORD_000604,CUST_8449,P030,Books,862.71,2,2023-01-01 10:03:00,DE,0,20
ORD_000605,CUST_5158,P014,Electronics,819.08,8,2023-01-01 10:04:00,DE,0,20
ORD_000606,CUST_4925,P007,Books,517.6,4,2023-01-01 10:05:00,US,5,20
ORD_000607,CUST_7970,P017,Clothing,444.0,3,2023-01-01 10:06:00,PL,10,0
ORD_000608,CUST_7938,P044,Home,996.3,8,2023-01-01 10:07:00,UA,0,20
ORD_000609,CUST_5784,P020,Electronics,236.88,2,2023-01-01 10:08:00,UA,0,0
ORD_000610,CUST_5000,P036,Clothing,551.41,3,2023-01-01 10:09:00,DE,0,0
ORD_000611,CUST_2633,P009,Books,673.97,3,2023-01-01 10:10:00,UA,0,0
ORD_000612,CUST_8266,P038,Electronics,703.86,1,2023-01-01 10:11:00,UA,0,5
ORD_000613,CUST_9702,P048,Clothing,211.98,6,2023-01-01 10:12:00,PL,0,0
ORD_000614,CUST_1384,P022,Books,657.45,2,2023-01-01 10:13:00,UA,0,10
ORD_000615,CUST_1404,P002,Home,820.19,1,2023-01-01 10:14:00,UA,10,20
ORD_000616,CUST_9175,P024,Clothing,59.52,2,2023-01-01 10:15:00,PL,0,5
ORD_000617,CUST_3000,P008,Home,912.41,6,2023-01-01 10:16:00,UA,0,20
ORD_000618,CUST_6989,P011,Sports,39.21,4,2023-01-01 10:17:00,UA,0,0
ORD_000619,CUST_2460,P013,Home,362.41,6,2023-01-01 10:18:00,DE,0,5
ORD_000620,CUST_8190,P017,Electronics,25.66,9,2023-01-01 10:19:00,US,0,10
ORD_000621,CUST_8140,P008,Books,86.37,8,2023-01-01 10:20:00,UA,0,0
ORD_000622,CUST_4636,P021,Clothing,912.06,1,2023-01-01 10:21:00,US,0,20
ORD_000623,CUST_5809,P018,Sports,361.31,8,2023-01-01 10:22:00,UA,0,10
ORD_000624,CUST_5178,P030,Clothing,430.52,9,2023-01-01 10:23:00,PL,5,0
ORD_000625,CUST_8245,P018,Electronics,223.19,6,2023-01-01 10:24:00,US,0,10
ORD_000626,CUST_7600,P046,Books,601.12,5,2023-01-01 10:25:00,DE,10,0
ORD_000627,CUST_6997,P047,Clothing,598.86,6,2023-01-01 10:26:00,US,0,5
ORD_000628,CUST_3048,P031,Sports,378.48,6,2023-01-01 10:27:00,UA,0,0
ORD_000629,CUST_5780,P038,Sports,339.7,9,2023-01-01 10:28:00,UA,0,5
ORD_000630,CUST_1716,P032,Books,886.11,4,2023-01-01 10:29:00,US,0,0
ORD_000631,CUST_8939,P011,Electronics,389.45,2,2023-01-01 10:30:00,UA,10,0
ORD_000632,CUST_6565,P045,Books,498.57,9,2023-01-01 10:31:00,UA,5,20
ORD_000633,CUST_5544,P025,Electronics,290.47,2,2023-01-01 10:32:00,DE,10,10
ORD_000634,CUST_5976,P033,Electronics,788.9,9,2023-01-01 10:33:00,US,10,10
ORD_000635,CUST_4419,P038,Home,403.47,2,2023-01-01 10:34:00,US,5,10
ORD_000636,CUST_8239,P041,Electronics,518.47,8,2023-01-01 10:35:00,UA,0,0
ORD_000637,CUST_1249,P008,Clothing,260.82,9,2023-01-01 10:36:00,US,0,0
ORD_000638,CUST_9865,P011,Sports,987.78,9,2023-01-01 10:37:00,UA,15,0
ORD_000639,CUST_1770,P022,Clothing,298.58,9,2023-01-01 10:38:00,UA,5,5
ORD_000640,CUST_5363,P024,Electronics,773.04,2,2023-01-01 10:39:00,DE,0,5
ORD_000641,CUST_2077,P041,Sports,433.22,4,2023-01-01 10:40:00,UA,5,20
ORD_000642,CUST_9427,P017,Electronics,214.16,7,2023-01-01 10:41:00,UA,0,0
ORD_000643,CUST_9580,P012,Home,801.72,2,2023-01-01 10:42:00,DE,0,10
ORD_000644,CUST_8901,P046,Sports,340.27,1,2023-01-01 10:43:00,UA,0,10
ORD_000645,CUST_5858,P032,Sports,866.54,3,2023-01-01 10:44:00,UA,5,20
ORD_000646,CUST_7544,P015,Books,916.1,4,2023-01-01 10:45:00,UA,10,10
ORD_000647,CUST_5719,P016,Clothing,861.23,8,2023-01-01 10:46:00,PL,0,20
ORD_000648,CUST_3814,P022,Electronics,44.66,6,2023-01-01 10:47:00,PL,0,0
ORD_000649,CUST_4374,P028,Home,789.5,2,2023-01-01 10:48:00,US,0,10
ORD_000650,CUST_2252,P020,Home,417.23,9,2023-01-01 10:49:00,US,5,0
ORD_000651,CUST_7996,P033,Clothing,874.99,2,2023-01-01 10:50:00,PL,0,5
ORD_000652,CUST_5673,P010,Electronics,641.57,5,2023-01-01 10:51:00,US,0,10
ORD_000653,CUST_5530,P040,Electronics,835.31,4,2023-01-01 10:52:00,UA,0,5
ORD_000654,CUST_7881,P032,Electronics,504.44,7,2023-01-01 10:53:00,UA,0,10
ORD_000655,CUST_7949,P050,Books,539.68,8,2023-01-01 10:54:00,US,0,0
ORD_000656,CUST_7241,P033,Clothing,152.94,5,2023-01-01 10:55:00,UA,5,20
ORD_000657,CUST_9017,P002,Sports,786.15,5,2023-01-01 10:56:00,UK,0,0
ORD_000658,CUST_7941,P033,Books,425.2,2,2023-01-01 10:57:00,PL,5,0
ORD_000659,CUST_8002,P033,Electronics,505.08,8,2023-01-01 10:58:00,US,0,0
ORD_000660,CUST_2331,P041,Books,787.25,2,2023-01-01 10:59:00,PL,0,10
ORD_000661,CUST_5261,P013,Clothing,602.86,6,2023-01-01 11:00:00,PL,0,20
ORD_000662,CUST_8648,P030,Books,209.09,8,2023-01-01 11:01:00,UA,5,5
ORD_000663,CUST_6115,P033,Books,594.33,6,2023-01-01 11:02:00,DE,10,0
ORD_000664,CUST_5637,P013,Home,413.56,4,2023-01-01 11:03:00,PL,10,10
ORD_000665,CUST_5854,P026,Home,474.83,4,2023-01-01 11:04:00,UK,0,5
ORD_000666,CUST_4177,P022,Electronics,38.03,6,2023-01-01 11:05:00,UA,0,0
ORD_000667,CUST_8730,P039,Electronics,217.93,4,2023-01-01 11:06:00,UA,10,5
ORD_000668,CUST_3180,P002,Books,288.23,8,2023-01-01 11:07:00,UA,5,0
ORD_000669,CUST_5892,P038,Electronics,715.83,9,2023-01-01 11:08:00,DE,0,5
ORD_000670,CUST_8043,P039,Clothing,21.38,1,2023-01-01 11:09:00,US,10,5
ORD_000671,CUST_1137,P026,Electronics,414.69,4,2023-01-01 11:10:00,UA,0,20
ORD_000672,CUST_7327,P046,Books,924.79,4,2023-01-01 11:11:00,DE,0,20
ORD_000673,CUST_4472,P050,Electronics,120.76,2,2023-01-01 11:12:00,UA,0,0
ORD_000674,CUST_6449,P015,Books,521.26,6,2023-01-01 11:13:00,DE,0,10
ORD_000675,CUST_3832,P034,Sports,788.66,3,2023-01-01 11:14:00,US,0,20
ORD_000676,CUST_4579,P042,Electronics,943.11,7,2023-01-01 11:15:00,UA,0,5
ORD_000677,CUST_6971,P044,Electronics,749.31,5,2023-01-01 11:16:00,PL,0,20
ORD_000678,CUST_5164,P049,Clothing,723.36,4,2023-01-01 11:17:00,UK,0,20
ORD_000679,CUST_8941,P040,Home,828.22,5,2023-01-01 11:18:00,US,0,0
ORD_000680,CUST_6569,P011,Electronics,451.74,8,2023-01-01 11:19:00,PL,5,20
ORD_000681,CUST_5300,P003,Clothing,807.79,3,2023-01-01 11:20:00,PL,0,20
ORD_000682,CUST_7269,P006,Electronics,17.88,7,2023-01-01 11:21:00,UA,0,5
ORD_000683,CUST_4818,P009,Home,925.32,6,2023-01-01 11:22:00,PL,0,20
ORD_000684,CUST_2906,P006,Clothing,448.87,1,2023-01-01 11:23:00,US,10,5
ORD_000685,CUST_7254,P009,Home,557.85,7,2023-01-01 11:24:00,DE,0,20
ORD_000686,CUST_1760,P039,Sports,262.33,7,2023-01-01 11:25:00,UA,0,20
ORD_000687,CUST_8830,P031,Electronics,745.11,1,2023-01-01 11:26:00,UA,0,10
ORD_000688,CUST_8350,P032,Home,85.87,9,2023-01-01 11:27:00,UA,5,20
ORD_000689,CUST_7238,P041,Electronics,873.91,6,2023-01-01 11:28:00,UA,0,5
ORD_000690,CUST_7090,P050,Home,829.84,2,2023-01-01 11:29:00,UA,0,5
ORD_000691,CUST_7031,P012,Books,223.9,5,2023-01-01 11:30:00,PL,0,0
ORD_000692,CUST_8687,P008,Home,811.23,4,2023-01-01 11:31:00,UA,0,0
ORD_000693,CUST_9472,P008,Electronics,788.49,7,2023-01-01 11:32:00,UA,10,10
ORD_000694,CUST_2887,P050,Electronics,635.89,8,2023-01-01 11:33:00,PL,10,5
ORD_000695,CUST_4266,P028,Clothing,379.78,1,2023-01-01 11:34:00,UA,5,5
ORD_000696,CUST_1666,P020,Clothing,278.78,5,2023-01-01 11:35:00,UA,5,5
ORD_000697,CUST_5188,P047,Electronics,239.47,3,2023-01-01 11:36:00,UA,0,10
ORD_000698,CUST_1671,P007,Clothing,325.42,1,2023-01-01 11:37:00,UA,0,5
ORD_000699,CUST_7777,P011,Electronics,904.52,3,2023-01-01 11:38:00,PL,5,0
ORD_000700,CUST_8570,P020,Clothing,86.86,6,2023-01-01 11:39:00,UA,0,10
ORD_000701,CUST_8956,P016,Home,830.58,7,2023-01-01 11:40:00,US,10,0
ORD_000702,CUST_6124,P004,Clothing,355.4,8,2023-01-01 11:41:00,UK,0,0
ORD_000703,CUST_6585,P006,Electronics,526.38,4,2023-01-01 11:42:00,DE,0,10
ORD_000704,CUST_5777,P022,Clothing,796.54,3,2023-01-01 11:43:00,PL,5,20
ORD_000705,CUST_4900,P026,Electronics,885.53,5,2023-01-01 11:44:00,US,5,20
ORD_000706,CUST_7677,P003,Sports,351.33,9,2023-01-01 11:45:00,DE,5,0
ORD_000707,CUST_7981,P041,Electronics,467.23,6,2023-01-01 11:46:00,UA,0,20
ORD_000708,CUST_7376,P042,Books,420.37,9,2023-01-01 11:47:00,UA,10,5
ORD_000709,CUST_1523,P014,Sports,23.12,6,2023-01-01 11:48:00,US,0,10
ORD_000710,CUST_3393,P011,Home,302.98,2,2023-01-01 11:49:00,UA,0,0
ORD_000711,CUST_3593,P018,Books,464.6,5,2023-01-01 11:50:00,UA,15,5
ORD_000712,CUST_8240,P012,Home,416.98,9,2023-01-01 11:51:00,DE,5,20
ORD_000713,CUST_7937,P023,Sports,724.71,8,2023-01-01 11:52:00,US,0,5
ORD_000714,CUST_7190,P012,Books,390.96,7,2023-01-01 11:53:00,UA,5,20
ORD_000715,CUST_6240,P013,Books,494.48,1,2023-01-01 11:54:00,PL,0,0
ORD_000716,CUST_7493,P025,Books,435.31,4,2023-01-01 11:55:00,UA,0,5
ORD_000717,CUST_3878,P045,Clothing,743.22,7,2023-01-01 11:56:00,DE,0,10
ORD_000718,CUST_5143,P019,Books,864.34,7,2023-01-01 11:57:00,UA,15,0
ORD_000719,CUST_4644,P046,Clothing,536.57,6,2023-01-01 11:58:00,UA,0,5
ORD_000720,CUST_5432,P036,Electronics,791.54,8,2023-01-01 11:59:00,US,5,5
ORD_000721,CUST_2276,P045,Electronics,303.82,6,2023-01-01 12:00:00,PL,0,20
ORD_000722,CUST_6811,P008,Electronics,545.96,3,2023-01-01 12:01:00,DE,5,0
ORD_000723,CUST_1302,P029,Electronics,351.78,4,2023-01-01 12:02:00,PL,0,0
ORD_000724,CUST_1638,P032,Electronics,420.06,3,2023-01-01 12:03:00,UA,5,0
ORD_000725,CUST_1055,P044,Books,735.09,1,2023-01-01 12:04:00,DE,0,0
ORD_000726,CUST_9717,P018,Electronics,882.85,5,2023-01-01 12:05:00,UA,5,20
ORD_000727,CUST_9150,P006,Home,130.28,1,2023-01-01 12:06:00,UA,15,10
ORD_000728,CUST_3125,P018,Electronics,638.29,1,2023-01-01 12:07:00,UA,5,0
ORD_000729,CUST_1364,P019,Electronics,586.32,2,2023-01-01 12:08:00,DE,0,20
ORD_000730,CUST_7809,P022,Books,127.23,4,2023-01-01 12:09:00,UK,10,10
ORD_000731,CUST_5621,P037,Books,219.78,6,2023-01-01 12:10:00,UK,0,10
ORD_000732,CUST_6126,P032,Electronics,317.89,8,2023-01-01 12:11:00,PL,5,20
ORD_000733,CUST_6122,P041,Home,175.26,3,2023-01-01 12:12:00,UA,10,0
ORD_000734,CUST_2646,P003,Home,251.29,1,2023-01-01 12:13:00,PL,0,10
ORD_000735,CUST_1918,P028,Clothing,274.92,3,2023-01-01 12:14:00,US,0,0
ORD_000736,CUST_3797,P010,Clothing,342.32,3,2023-01-01 12:15:00,UA,0,0
ORD_000737,CUST_7506,P035,Sports,751.9,5,2023-01-01 12:16:00,UK,0,5
ORD_000738,CUST_6870,P029,Books,576.19,4,2023-01-01 12:17:00,UA,5,0
ORD_000739,CUST_2531,P015,Clothing,986.38,4,2023-01-01 12:18:00,UK,0,5
ORD_000740,CUST_9172,P033,Home,420.59,9,2023-01-01 12:19:00,US,0,10
ORD_000741,CUST_4345,P007,Electronics,756.33,7,2023-01-01 12:20:00,US,0,20
ORD_000742,CUST_8673,P012,Clothing,872.75,4,2023-01-01 12:21:00,UA,0,5
ORD_000743,CUST_7949,P049,Electronics,682.19,3,2023-01-01 12:22:00,UA,0,20
ORD_000744,CUST_7882,P030,Home,417.75,6,2023-01-01 12:23:00,UA,10,10
ORD_000745,CUST_2906,P021,Books,756.06,3,2023-01-01 12:24:00,UA,0,0
ORD_000746,CUST_4086,P031,Books,211.63,6,2023-01-01 12:25:00,UA,10,10
ORD_000747,CUST_9152,P024,Electronics,334.28,9,2023-01-01 12:26:00,PL,0,20
ORD_000748,CUST_6750,P020,Electronics,551.22,6,2023-01-01 12:27:00,PL,0,10
ORD_000749,CUST_9905,P037,Clothing,579.66,4,2023-01-01 12:28:00,DE,5,0
ORD_000750,CUST_2062,P004,Books,31.92,5,2023-01-01 12:29:00,DE,0,10
ORD_000751,CUST_2976,P028,Clothing,945.66,6,2023-01-01 12:30:00,UA,0,0
ORD_000752,CUST_2296,P044,Electronics,699.66,3,2023-01-01 12:31:00,UK,0,5
ORD_000753,CUST_7229,P020,Home,500.75,8,2023-01-01 12:32:00,UA,0,20
ORD_000754,CUST_8641,P024,Electronics,933.8,4,2023-01-01 12:33:00,PL,0,0
ORD_000755,CUST_1125,P050,Sports,444.7,8,2023-01-01 12:34:00,PL,0,0
ORD_000756,CUST_5632,P049,Electronics,980.63,3,2023-01-01 12:35:00,US,0,10
ORD_000757,CUST_7288,P032,Books,517.16,7,2023-01-01 12:36:00,UA,0,5
ORD_000758,CUST_4596,P041,Electronics,123.14,9,2023-01-01 12:37:00,PL,0,0
ORD_000759,CUST_7168,P036,Sports,767.15,4,2023-01-01 12:38:00,DE,0,5
ORD_000760,CUST_8561,P034,Clothing,682.11,8,2023-01-01 12:39:00,UA,0,5
ORD_000761,CUST_9258,P036,Electronics,775.26,3,2023-01-01 12:40:00,DE,0,10
ORD_000762,CUST_1232,P002,Clothing,951.93,7,2023-01-01 12:41:00,UK,15,0
ORD_000763,CUST_7371,P015,Electronics,778.72,3,2023-01-01 12:42:00,UK,0,10
ORD_000764,CUST_5206,P034,Electronics,615.22,7,2023-01-01 12:43:00,UA,5,20
ORD_000765,CUST_8943,P036,Sports,858.74,6,2023-01-01 12:44:00,UA,0,20
ORD_000766,CUST_7891,P006,Clothing,676.51,2,2023-01-01 12:45:00,UA,10,0
ORD_000767,CUST_7738,P039,Home,414.04,3,2023-01-01 12:46:00,UA,0,5
ORD_000768,CUST_3472,P042,Books,886.76,6,2023-01-01 12:47:00,UA,15,0
ORD_000769,CUST_3739,P012,Books,229.68,4,2023-01-01 12:48:00,UA,5,0
ORD_000770,CUST_6401,P003,Electronics,717.49,6,2023-01-01 12:49:00,UK,0,20
ORD_000771,CUST_2761,P045,Electronics,882.75,1,2023-01-01 12:50:00,UK,10,20
ORD_000772,CUST_1876,P018,Home,734.0,1,2023-01-01 12:51:00,UA,0,5
ORD_000773,CUST_4812,P040,Sports,700.3,3,2023-01-01 12:52:00,UA,0,5
ORD_000774,CUST_2460,P021,Electronics,755.11,8,2023-01-01 12:53:00,PL,5,0
ORD_000775,CUST_2733,P015,Electronics,470.4,8,2023-01-01 12:54:00,UA,10,10
ORD_000776,CUST_2605,P033,Clothing,875.43,4,2023-01-01 12:55:00,DE,0,0
ORD_000777,CUST_6622,P035,Sports,211.4,6,2023-01-01 12:56:00,DE,0,5
ORD_000778,CUST_7767,P026,Electronics,136.11,8,2023-01-01 12:57:00,US,5,10
ORD_000779,CUST_7986,P008,Clothing,292.65,7,2023-01-01 12:58:00,DE,5,20
ORD_000780,CUST_4517,P036,Home,536.26,7,2023-01-01 12:59:00,PL,10,5
ORD_000781,CUST_4735,P048,Electronics,515.46,4,2023-01-01 13:00:00,DE,5,5
ORD_000782,CUST_9434,P030,Electronics,822.39,9,2023-01-01 13:01:00,UA,0,10
ORD_000783,CUST_3590,P023,Books,410.52,6,2023-01-01 13:02:00,PL,10,5
ORD_000784,CUST_2063,P042,Sports,489.5,3,2023-01-01 13:03:00,PL,0,5
ORD_000785,CUST_5324,P044,Electronics,23.23,5,2023-01-01 13:04:00,UA,0,5
ORD_000786,CUST_6342,P014,Clothing,415.64,5,2023-01-01 13:05:00,UA,0,5
ORD_000787,CUST_1005,P014,Clothing,651.3,5,2023-01-01 13:06:00,UA,0,5
ORD_000788,CUST_8489,P002,Clothing,25.35,8,2023-01-01 13:07:00,UK,0,5
ORD_000789,CUST_9659,P037,Books,288.07,9,2023-01-01 13:08:00,UA,5,5
ORD_000790,CUST_9195,P005,Clothing,215.88,9,2023-01-01 13:09:00,UA,0,5
ORD_000791,CUST_6966,P038,Clothing,51.57,6,2023-01-01 13:10:00,UA,0,20
ORD_000792,CUST_9837,P045,Clothing,484.47,6,2023-01-01 13:11:00,DE,10,5
ORD_000793,CUST_1117,P041,Books,189.91,9,2023-01-01 13:12:00,UA,0,20
ORD_000794,CUST_3551,P047,Clothing,745.65,4,2023-01-01 13:13:00,UK,0,20
ORD_000795,CUST_6560,P014,Home,849.45,6,2023-01-01 13:14:00,US,0,0
ORD_000796,CUST_5289,P039,Electronics,550.13,4,2023-01-01 13:15:00,PL,15,0
ORD_000797,CUST_1846,P025,Home,981.89,1,2023-01-01 13:16:00,DE,0,20
ORD_000798,CUST_7316,P020,Home,455.97,7,2023-01-01 13:17:00,UA,0,20
ORD_000799,CUST_7469,P002,Electronics,518.23,6,2023-01-01 13:18:00,UA,0,5
ORD_000800,CUST_9915,P039,Clothing,989.33,9,2023-01-01 13:19:00,US,0,0
ORD_000801,CUST_1224,P006,Clothing,239.23,7,2023-01-01 13:20:00,UA,0,10
ORD_000802,CUST_5208,P017,Electronics,943.12,7,2023-01-01 13:21:00,UA,0,0
ORD_000803,CUST_7283,P025,Clothing,52.41,2,2023-01-01 13:22:00,PL,0,20
ORD_000804,CUST_3048,P028,Electronics,451.92,9,2023-01-01 13:23:00,UA,15,20
ORD_000805,CUST_7233,P002,Electronics,79.3,9,2023-01-01 13:24:00,UK,0,5
ORD_000806,CUST_2828,P035,Home,731.94,6,2023-01-01 13:25:00,UA,0,5
ORD_000807,CUST_2917,P037,Electronics,612.32,3,2023-01-01 13:26:00,US,0,0
ORD_000808,CUST_5234,P005,Home,709.57,1,2023-01-01 13:27:00,PL,0,5
ORD_000809,CUST_7988,P001,Clothing,380.74,4,2023-01-01 13:28:00,US,5,10
ORD_000810,CUST_3026,P040,Home,375.79,3,2023-01-01 13:29:00,UA,0,10
ORD_000811,CUST_4744,P012,Books,54.87,1,2023-01-01 13:30:00,PL,0,5
ORD_000812,CUST_1009,P036,Electronics,356.45,3,2023-01-01 13:31:00,US,5,10
ORD_000813,CUST_1260,P045,Books,930.0,4,2023-01-01 13:32:00,PL,0,10
ORD_000814,CUST_7038,P023,Electronics,385.43,8,2023-01-01 13:33:00,UA,0,0
ORD_000815,CUST_3219,P047,Clothing,833.05,9,2023-01-01 13:34:00,PL,0,10
ORD_000816,CUST_8041,P031,Sports,843.9,3,2023-01-01 13:35:00,DE,0,20
ORD_000817,CUST_3060,P011,Electronics,379.51,6,2023-01-01 13:36:00,PL,0,20
ORD_000818,CUST_6287,P010,Clothing,635.67,5,2023-01-01 13:37:00,UK,0,0
ORD_000819,CUST_2619,P003,Books,104.42,6,2023-01-01 13:38:00,UA,0,5
ORD_000820,CUST_9512,P014,Home,112.64,4,2023-01-01 13:39:00,PL,10,0
ORD_000821,CUST_2342,P016,Books,58.17,6,2023-01-01 13:40:00,US,0,5
ORD_000822,CUST_3832,P010,Electronics,585.2,7,2023-01-01 13:41:00,DE,0,5
ORD_000823,CUST_3824,P029,Books,431.81,9,2023-01-01 13:42:00,US,0,5
ORD_000824,CUST_2994,P010,Electronics,552.55,7,2023-01-01 13:43:00,UK,0,5
ORD_000825,CUST_4490,P012,Books,525.86,6,2023-01-01 13:44:00,PL,0,5
ORD_000826,CUST_8984,P030,Sports,356.7,1,2023-01-01 13:45:00,UA,10,0
ORD_000827,CUST_2604,P041,Books,680.7,2,2023-01-01 13:46:00,UA,5,5
ORD_000828,CUST_1235,P001,Home,760.92,1,2023-01-01 13:47:00,DE,15,10
ORD_000829,CUST_2908,P005,Electronics,24.48,9,2023-01-01 13:48:00,US,10,10
ORD_000830,CUST_9567,P020,Books,215.17,9,2023-01-01 13:49:00,UA,0,5
ORD_000831,CUST_4530,P008,Home,716.1,7,2023-01-01 13:50:00,UA,0,10
ORD_000832,CUST_6256,P043,Electronics,392.75,2,2023-01-01 13:51:00,UA,0,20
ORD_000833,CUST_3635,P012,Home,665.86,6,2023-01-01 13:52:00,US,0,0
ORD_000834,CUST_9162,P001,Electronics,353.49,4,2023-01-01 13:53:00,UA,10,0
ORD_000835,CUST_3560,P020,Books,396.85,1,2023-01-01 13:54:00,PL,0,5
ORD_000836,CUST_6415,P028,Home,167.09,1,2023-01-01 13:55:00,PL,10,5
ORD_000837,CUST_4391,P043,Books,265.65,5,2023-01-01 13:56:00,US,0,20
ORD_000838,CUST_6951,P037,Electronics,609.36,2,2023-01-01 13:57:00,DE,10,5
ORD_000839,CUST_6468,P047,Books,438.83,4,2023-01-01 13:58:00,DE,10,10
ORD_000840,CUST_9007,P037,Clothing,776.56,1,2023-01-01 13:59:00,UA,5,20
ORD_000841,CUST_7413,P012,Sports,854.06,4,2023-01-01 14:00:00,PL,5,10
ORD_000842,CUST_7941,P037,Clothing,546.23,6,2023-01-01 14:01:00,DE,0,0
ORD_000843,CUST_5820,P049,Clothing,760.68,4,2023-01-01 14:02:00,UK,10,10
ORD_000844,CUST_3898,P049,Books,313.84,1,2023-01-01 14:03:00,UA,15,0
ORD_000845,CUST_8546,P044,Clothing,420.82,7,2023-01-01 14:04:00,UA,5,10
ORD_000846,CUST_1077,P028,Books,715.65,2,2023-01-01 14:05:00,UA,5,0
ORD_000847,CUST_8577,P047,Books,392.35,9,2023-01-01 14:06:00,UA,5,5
ORD_000848,CUST_5227,P015,Home,592.62,3,2023-01-01 14:07:00,US,10,10
ORD_000849,CUST_1600,P006,Books,193.52,8,2023-01-01 14:08:00,UA,0,0
ORD_000850,CUST_2065,P044,Clothing,603.77,8,2023-01-01 14:09:00,PL,10,10
ORD_000851,CUST_3136,P020,Electronics,862.9,3,2023-01-01 14:10:00,UA,0,20
ORD_000852,CUST_7943,P050,Electronics,869.95,4,2023-01-01 14:11:00,UA,0,5
ORD_000853,CUST_8804,P014,Electronics,727.1,2,2023-01-01 14:12:00,PL,0,0
ORD_000854,CUST_7565,P002,Electronics,748.3,4,2023-01-01 14:13:00,UA,0,20
ORD_000855,CUST_6984,P009,Books,562.35,9,2023-01-01 14:14:00,UA,0,10
ORD_000856,CUST_6142,P037,Books,588.82,2,2023-01-01 14:15:00,DE,0,20
ORD_000857,CUST_5670,P020,Clothing,142.31,3,2023-01-01 14:16:00,PL,0,10
ORD_000858,CUST_3190,P026,Home,449.42,4,2023-01-01 14:17:00,UA,0,5
ORD_000859,CUST_3712,P029,Sports,456.27,5,2023-01-01 14:18:00,UK,0,20
ORD_000860,CUST_3192,P001,Home,958.91,1,2023-01-01 14:19:00,DE,5,5
ORD_000861,CUST_2248,P035,Books,436.78,7,2023-01-01 14:20:00,US,15,0
ORD_000862,CUST_5033,P006,Clothing,553.85,7,2023-01-01 14:21:00,UA,5,10
ORD_000863,CUST_2997,P037,Clothing,537.92,9,2023-01-01 14:22:00,UA,15,10
ORD_000864,CUST_4687,P005,Electronics,640.39,4,2023-01-01 14:23:00,UA,5,5
ORD_000865,CUST_5018,P033,Clothing,750.75,6,2023-01-01 14:24:00,UA,0,5
ORD_000866,CUST_2970,P049,Sports,232.79,2,2023-01-01 14:25:00,PL,5,0
ORD_000867,CUST_9389,P014,Home,533.44,4,2023-01-01 14:26:00,UK,5,20
ORD_000868,CUST_6765,P012,Electronics,827.66,2,2023-01-01 14:27:00,PL,0,10
ORD_000869,CUST_2202,P042,Clothing,468.48,5,2023-01-01 14:28:00,UA,0,10
ORD_000870,CUST_9135,P020,Home,285.67,7,2023-01-01 14:29:00,PL,5,0
ORD_000871,CUST_6567,P050,Electronics,658.16,1,2023-01-01 14:30:00,UA,0,0
ORD_000872,CUST_8667,P024,Clothing,825.53,7,2023-01-01 14:31:00,DE,5,5
ORD_000873,CUST_6742,P043,Home,72.51,6,2023-01-01 14:32:00,PL,0,5
ORD_000874,CUST_6788,P034,Clothing,779.02,6,2023-01-01 14:33:00,US,0,20
ORD_000875,CUST_6408,P025,Electronics,823.43,8,2023-01-01 14:34:00,UK,0,0
ORD_000876,CUST_9669,P050,Clothing,466.91,8,2023-01-01 14:35:00,UA,0,20
ORD_000877,CUST_1922,P029,Home,983.47,6,2023-01-01 14:36:00,PL,0,0
ORD_000878,CUST_1419,P039,Books,788.84,3,2023-01-01 14:37:00,UK,5,10
ORD_000879,CUST_3204,P031,Electronics,775.93,5,2023-01-01 14:38:00,US,10,0
ORD_000880,CUST_2120,P047,Clothing,750.36,2,2023-01-01 14:39:00,PL,10,0
ORD_000881,CUST_1950,P043,Clothing,159.1,5,2023-01-01 14:40:00,UK,0,10
ORD_000882,CUST_3336,P050,Books,225.06,9,2023-01-01 14:41:00,UA,5,0
ORD_000883,CUST_6373,P023,Home,469.35,1,2023-01-01 14:42:00,UK,0,20
ORD_000884,CUST_3243,P044,Electronics,271.36,5,2023-01-01 14:43:00,UA,0,5
ORD_000885,CUST_3645,P038,Home,421.09,6,2023-01-01 14:44:00,PL,0,5
ORD_000886,CUST_5612,P020,Electronics,889.58,7,2023-01-01 14:45:00,US,0,20
ORD_000887,CUST_2865,P023,Clothing,826.08,9,2023-01-01 14:46:00,UA,0,10
ORD_000888,CUST_7028,P045,Electronics,633.74,6,2023-01-01 14:47:00,PL,0,0
ORD_000889,CUST_8326,P016,Clothing,859.54,5,2023-01-01 14:48:00,UA,5,20
ORD_000890,CUST_7371,P050,Clothing,785.93,7,2023-01-01 14:49:00,UK,5,5
ORD_000891,CUST_7359,P042,Clothing,434.7,1,2023-01-01 14:50:00,US,0,5
ORD_000892,CUST_8863,P008,Electronics,209.05,5,2023-01-01 14:51:00,DE,0,20
ORD_000893,CUST_4228,P050,Books,519.06,2,2023-01-01 14:52:00,PL,0,5
ORD_000894,CUST_4719,P021,Electronics,738.87,4,2023-01-01 14:53:00,US,0,20
ORD_000895,CUST_3371,P001,Home,442.06,7,2023-01-01 14:54:00,UA,5,5
ORD_000896,CUST_3891,P008,Sports,670.1,5,2023-01-01 14:55:00,PL,0,20
ORD_000897,CUST_4756,P029,Clothing,103.38,6,2023-01-01 14:56:00,DE,5,0
ORD_000898,CUST_5225,P032,Clothing,750.52,2,2023-01-01 14:57:00,UA,10,0
ORD_000899,CUST_1094,P038,Clothing,814.59,3,2023-01-01 14:58:00,UA,0,0
ORD_000900,CUST_3674,P005,Electronics,709.77,7,2023-01-01 14:59:00,UA,15,0
ORD_000901,CUST_7898,P047,Clothing,967.59,2,2023-01-01 15:00:00,UA,0,5
ORD_000902,CUST_1793,P022,Home,828.39,6,2023-01-01 15:01:00,US,0,10
ORD_000903,CUST_3116,P047,Books,904.06,5,2023-01-01 15:02:00,PL,0,20
ORD_000904,CUST_6779,P034,Electronics,934.24,1,2023-01-01 15:03:00,DE,0,10
ORD_000905,CUST_7166,P001,Home,803.33,4,2023-01-01 15:04:00,UA,0,5
ORD_000906,CUST_1814,P026,Clothing,677.52,2,2023-01-01 15:05:00,UA,0,5
ORD_000907,CUST_1345,P043,Home,15.66,4,2023-01-01 15:06:00,UA,5,10
ORD_000908,CUST_9554,P010,Books,471.17,1,2023-01-01 15:07:00,US,10,10
ORD_000909,CUST_3443,P030,Books,575.45,2,2023-01-01 15:08:00,DE,5,5
ORD_000910,CUST_8783,P050,Electronics,310.99,8,2023-01-01 15:09:00,UK,0,5
ORD_000911,CUST_1984,P018,Electronics,324.92,6,2023-01-01 15:10:00,DE,5,20
ORD_000912,CUST_8790,P017,Sports,961.55,2,2023-01-01 15:11:00,PL,5,0
ORD_000913,CUST_1827,P026,Electronics,892.79,6,2023-01-01 15:12:00,DE,10,0
ORD_000914,CUST_4531,P008,Sports,850.69,9,2023-01-01 15:13:00,UK,10,20
ORD_000915,CUST_8147,P047,Clothing,411.95,7,2023-01-01 15:14:00,US,10,10
ORD_000916,CUST_5451,P040,Electronics,23.56,9,2023-01-01 15:15:00,UA,0,5
ORD_000917,CUST_4876,P049,Electronics,89.42,5,2023-01-01 15:16:00,PL,5,10
ORD_000918,CUST_6959,P012,Electronics,319.07,7,2023-01-01 15:17:00,DE,0,0
ORD_000919,CUST_1126,P027,Sports,25.59,7,2023-01-01 15:18:00,DE,15,0
ORD_000920,CUST_4177,P008,Clothing,26.98,3,2023-01-01 15:19:00,UA,0,10
ORD_000921,CUST_9795,P025,Clothing,917.44,7,2023-01-01 15:20:00,US,0,0
ORD_000922,CUST_7024,P046,Clothing,709.1,1,2023-01-01 15:21:00,UK,0,5
ORD_000923,CUST_6109,P004,Electronics,315.87,9,2023-01-01 15:22:00,UA,5,20
ORD_000924,CUST_5146,P033,Clothing,141.32,6,2023-01-01 15:23:00,US,0,10
ORD_000925,CUST_8196,P001,Electronics,516.52,5,2023-01-01 15:24:00,UA,0,5
ORD_000926,CUST_4368,P019,Home,15.29,7,2023-01-01 15:25:00,UA,15,5
ORD_000927,CUST_4797,P031,Clothing,939.03,5,2023-01-01 15:26:00,UA,10,0
ORD_000928,CUST_2792,P016,Clothing,420.67,5,2023-01-01 15:27:00,UA,0,5
ORD_000929,CUST_6732,P014,Clothing,408.31,7,2023-01-01 15:28:00,US,0,10
ORD_000930,CUST_4476,P048,Clothing,396.69,7,2023-01-01 15:29:00,UA,10,5
ORD_000931,CUST_4417,P005,Sports,78.64,3,2023-01-01 15:30:00,UA,10,20
ORD_000932,CUST_2645,P041,Clothing,641.94,3,2023-01-01 15:31:00,UA,0,5
ORD_000933,CUST_4030,P026,Electronics,735.67,3,2023-01-01 15:32:00,UA,5,5
ORD_000934,CUST_3872,P028,Books,679.36,6,2023-01-01 15:33:00,UA,0,20
ORD_000935,CUST_4072,P002,Electronics,147.05,6,2023-01-01 15:34:00,DE,10,5
ORD_000936,CUST_2854,P050,Electronics,583.05,3,2023-01-01 15:35:00,UA,5,5
ORD_000937,CUST_5021,P006,Sports,573.79,3,2023-01-01 15:36:00,US,0,0
ORD_000938,CUST_5662,P009,Home,869.73,8,2023-01-01 15:37:00,US,0,10
ORD_000939,CUST_7514,P033,Sports,385.34,8,2023-01-01 15:38:00,UA,10,0
ORD_000940,CUST_6031,P041,Clothing,377.77,7,2023-01-01 15:39:00,US,5,10
ORD_000941,CUST_3708,P025,Clothing,622.34,4,2023-01-01 15:40:00,UA,0,20
ORD_000942,CUST_8112,P048,Electronics,636.74,4,2023-01-01 15:41:00,UA,5,20
ORD_000943,CUST_9393,P013,Electronics,474.59,3,2023-01-01 15:42:00,UA,5,20
ORD_000944,CUST_4507,P009,Home,448.63,5,2023-01-01 15:43:00,UA,0,10
ORD_000945,CUST_7456,P013,Clothing,499.21,3,2023-01-01 15:44:00,PL,5,10
ORD_000946,CUST_5212,P031,Home,862.43,8,2023-01-01 15:45:00,US,0,10
ORD_000947,CUST_8970,P041,Books,466.56,7,2023-01-01 15:46:00,UA,10,20
ORD_000948,CUST_9766,P011,Electronics,940.53,3,2023-01-01 15:47:00,DE,0,10
ORD_000949,CUST_1536,P004,Clothing,508.96,9,2023-01-01 15:48:00,UA,0,5
ORD_000950,CUST_2625,P034,Books,949.71,5,2023-01-01 15:49:00,US,0,0
ORD_000951,CUST_8973,P038,Electronics,834.5,9,2023-01-01 15:50:00,UA,5,20
ORD_000952,CUST_9577,P046,Home,368.81,7,2023-01-01 15:51:00,UA,5,0
ORD_000953,CUST_9070,P004,Clothing,865.01,7,2023-01-01 15:52:00,UA,10,5
ORD_000954,CUST_9666,P038,Electronics,118.96,6,2023-01-01 15:53:00,UA,5,10
ORD_000955,CUST_9609,P019,Books,925.8,2,2023-01-01 15:54:00,PL,0,0
ORD_000956,CUST_7490,P006,Sports,635.33,9,2023-01-01 15:55:00,US,15,5
ORD_000957,CUST_4600,P034,Electronics,63.85,6,2023-01-01 15:56:00,UA,0,5
ORD_000958,CUST_7783,P018,Home,647.81,8,2023-01-01 15:57:00,DE,10,0
ORD_000959,CUST_5971,P013,Electronics,974.51,1,2023-01-01 15:58:00,DE,0,20
ORD_000960,CUST_2205,P041,Home,79.1,5,2023-01-01 15:59:00,US,5,0
ORD_000961,CUST_2990,P023,Books,559.14,1,2023-01-01 16:00:00,UA,5,20
ORD_000962,CUST_6299,P019,Clothing,750.32,8,2023-01-01 16:01:00,PL,5,10
ORD_000963,CUST_4572,P045,Clothing,812.16,8,2023-01-01 16:02:00,UK,0,20
ORD_000964,CUST_6975,P011,Home,419.69,1,2023-01-01 16:03:00,DE,0,10
ORD_000965,CUST_7320,P001,Clothing,212.12,9,2023-01-01 16:04:00,UA,0,0
ORD_000966,CUST_5380,P024,Books,51.92,2,2023-01-01 16:05:00,UA,10,10
ORD_000967,CUST_5757,P007,Electronics,583.93,9,2023-01-01 16:06:00,UA,0,5
ORD_000968,CUST_3713,P025,Home,458.38,1,2023-01-01 16:07:00,PL,10,10
ORD_000969,CUST_6588,P021,Books,949.26,9,2023-01-01 16:08:00,DE,0,20
ORD_000970,CUST_1966,P015,Sports,70.0,4,2023-01-01 16:09:00,UA,0,20
ORD_000971,CUST_5944,P001,Electronics,688.54,9,2023-01-01 16:10:00,PL,5,20
ORD_000972,CUST_4432,P012,Books,34.72,7,2023-01-01 16:11:00,PL,0,10
ORD_000973,CUST_1688,P007,Books,179.72,6,2023-01-01 16:12:00,PL,15,20
ORD_000974,CUST_5243,P015,Clothing,459.04,5,2023-01-01 16:13:00,DE,5,20
ORD_000975,CUST_4701,P021,Clothing,460.32,9,2023-01-01 16:14:00,US,0,5
ORD_000976,CUST_9533,P019,Electronics,688.84,2,2023-01-01 16:15:00,UA,0,10
ORD_000977,CUST_6182,P029,Books,911.11,2,2023-01-01 16:16:00,US,0,5
ORD_000978,CUST_7704,P025,Clothing,642.64,9,2023-01-01 16:17:00,UA,0,20
ORD_000979,CUST_5422,P033,Electronics,954.0,3,2023-01-01 16:18:00,UA,5,20
ORD_000980,CUST_2759,P049,Books,882.8,8,2023-01-01 16:19:00,UA,0,20
ORD_000981,CUST_3482,P032,Clothing,588.65,9,2023-01-01 16:20:00,UA,0,10
ORD_000982,CUST_9058,P049,Electronics,835.45,8,2023-01-01 16:21:00,UA,0,0
ORD_000983,CUST_1951,P035,Sports,646.15,4,2023-01-01 16:22:00,UA,0,20
ORD_000984,CUST_9914,P044,Sports,87.77,1,2023-01-01 16:23:00,US,0,20
ORD_000985,CUST_3079,P038,Clothing,743.16,4,2023-01-01 16:24:00,UA,10,20
ORD_000986,CUST_3717,P026,Electronics,103.96,9,2023-01-01 16:25:00,DE,5,20
ORD_000987,CUST_5524,P011,Home,598.14,2,2023-01-01 16:26:00,UA,5,10
ORD_000988,CUST_9477,P035,Clothing,705.61,3,2023-01-01 16:27:00,UK,5,0
ORD_000989,CUST_8311,P008,Clothing,75.86,8,2023-01-01 16:28:00,DE,0,0
ORD_000990,CUST_8186,P046,Clothing,238.49,6,2023-01-01 16:29:00,UA,10,0
ORD_000991,CUST_3065,P014,Clothing,916.52,8,2023-01-01 16:30:00,US,0,20
ORD_000992,CUST_1768,P010,Books,620.15,7,2023-01-01 16:31:00,PL,0,20
ORD_000993,CUST_6490,P002,Clothing,253.82,5,2023-01-01 16:32:00,US,0,0
ORD_000994,CUST_7645,P046,Books,693.77,9,2023-01-01 16:33:00,PL,0,0
ORD_000995,CUST_6083,P009,Sports,600.81,4,2023-01-01 16:34:00,DE,5,20
ORD_000996,CUST_6232,P003,Clothing,506.56,6,2023-01-01 16:35:00,US,0,20
ORD_000997,CUST_6797,P021,Books,976.43,2,2023-01-01 16:36:00,PL,5,5
ORD_000998,CUST_5926,P026,Home,686.62,2,2023-01-01 16:37:00,UA,0,5
ORD_000999,CUST_7016,P008,Clothing,381.69,2,2023-01-01 16:38:00,US,0,5
ORD_001000,CUST_4335,P048,Clothing,802.07,7,2023-01-01 16:39:00,UA,5,0
